p,f,a1,a2,a3,a4,b1,b2,b3,b4,c1,c2,c3,c4,g1,g2,l1,l2,l3,l4,e1,e2,sd_trans
0.6,0.2,1.0,0.24,1.9,0.20179940485518666,1.8,0.2,3.2,0.24,4.9,0.2,3.6,0.17,0.071,1.5,0.023,1.4,0.04780247867202316,1.1,2.4,2.1,30.3
0.7,0.3,4.8,0.18,1.4,0.22,2.0,0.2,1.4,0.23,1.5,0.26,4.1,0.19,0.179,1.1,0.003,0.9,0.064,1.1,1.7,1.0,40.5
0.7,0.4,5.0,0.26,4.0,0.17,4.3,0.2,2.6,0.15,4.6,0.1,2.6,0.15,0.163,1.5,0.017,0.6,0.05,1.6,0.5,2.6,33.8
0.8,0.4,3.2,0.13,4.4,0.3,4.8,0.1,2.928518517702598,0.11,1.5,0.25,3.2,0.2,0.171,1.1,0.067,1.7,0.006,1.5,0.1,1.3,34.3
0.6,0.2,4.8,0.16,3.8,0.24,4.0,0.26,4.5,0.19,4.5,0.21,1.2,0.12,0.166,0.7,0.009000000000000001,0.5,0.033,1.8,1.6,1.6,33.2
0.6,0.2,2.6,0.23,2.1,0.22,1.7,0.24,4.9,0.13,4.1,0.23,2.0,0.13,0.184,1.9,0.10300000000000001,1.9,0.055999999999999994,1.8,2.0,1.2,42.7
0.7,0.3,4.8,0.22,3.2,0.22,4.3,0.14,3.0,0.15,4.8,0.28,1.9,0.17,0.166,1.0,0.147,1.7,0.07200000000000001,1.5,1.0,1.6,37.0
0.7,0.4,4.6,0.29,3.2,0.16,2.5,0.18,4.3,0.19,1.4,0.21,4.4,0.16,0.022000000000000002,1.6,0.019,1.3,0.08,0.9,2.8,0.2,31.9
0.5,0.2,1.4,0.16,4.7,0.25,3.9,0.17,4.9,0.21,3.3,0.21,4.8,0.22,0.018000000000000002,0.7,0.14400000000000002,0.9,0.079,1.2,1.9,0.5,6.4
0.6,0.3,4.0,0.14,3.0,0.3,4.1,0.26,2.0,0.21,3.1,0.16,2.8,0.23,0.11599999999999999,1.2,0.175,0.9,0.055,2.0,1.8,1.0,34.4
0.8,0.3,2.1,0.14,3.0,0.27,2.7,0.25,3.0,0.22,2.1,0.13,1.3,0.12,0.003,1.4,0.013999999999999999,1.3,0.073,0.6,1.6,2.3,2.7
0.9,0.5,2.6,0.29,2.9,0.18,2.3,0.18,1.1,0.22,1.0,0.1,4.6,0.25,0.17600000000000002,0.6,0.198,1.0,0.087,1.0,2.1,1.57786167063884,19.0
0.9,0.4,2.5,0.15,1.2,0.11,2.1,0.21,3.3,0.13,4.6,0.27,3.7,0.2,0.01,1.8,0.16899999999999998,1.9,0.054000000000000006,1.8,0.2,1.5,26.7
0.8,0.3,1.3,0.29,3.6,0.15,3.6,0.22,4.6,0.29,3.0,0.12,2.4,0.14,0.016,1.8,0.113,0.8,0.044000000000000004,1.6,2.9,2.6,6.1
0.9,0.4,3.4,0.21,4.6,0.18,5.0,0.17,2.6,0.26,4.6,0.20208294147682096,2.3,0.23,0.125,0.8,0.11599999999999999,1.9,0.054000000000000006,0.8,0.3,2.2,23.0
0.7,0.5,4.8,0.23,4.2,0.13,2.8,0.29,1.8,0.14,4.9,0.11,2.984963692893974,0.22,0.10377978315259888,1.7,0.078,1.9,0.02,1.8,0.7,1.9,31.8
0.7,0.4,3.4,0.16,1.0,0.14,4.8,0.22,1.9,0.24,2.3,0.15,3.1,0.19,0.146,1.8,0.091,1.6,0.08199999999999999,1.0,1.0,1.2,40.3
0.5,0.4,4.9,0.25,4.7,0.11,2.7,0.15,3.5,0.14,2.3,0.20091112866972438,3.6,0.29,0.13,0.9,0.035,1.2,0.019,1.7,0.3,2.4,19.7
0.8,0.4,2.4,0.1,3.7,0.2,4.0,0.19,4.7,0.15,3.2,0.11,3.0,0.3,0.14400000000000002,1.7,0.156,1.9,0.011000000000000001,0.7,0.7,1.1,34.8
0.5,0.5,1.2,0.15,1.3,0.19967295689680817,4.1,0.27,1.1,0.16,4.2,0.21,4.7,0.19,0.079,1.2,0.134,1.0,0.03,1.3,0.9,2.8,37.7
0.7,0.4,3.9,0.21,2.9,0.12,4.3,0.13,3.0,0.19,2.1,0.21,2.8,0.28,0.055999999999999994,1.2716647125077638,0.08900000000000001,2.0,0.059000000000000004,1.8,1.3,1.4,44.0
0.8,0.5,3.1,0.17,1.7,0.2,3.0,0.17,3.124669943924469,0.21,4.8,0.16,3.6,0.16,0.18899999999999997,1.4,0.03,0.9,0.015,0.8,0.2,2.2,45.4
0.6,0.4,1.6,0.23,4.6,0.12,3.5,0.13,1.0,0.19,1.3,0.16,4.1,0.19,0.172,1.5,0.10400000000000001,0.5,0.001,1.9,2.7,2.2,38.8
0.7,0.4,3.4,0.28,3.5,0.26,2.2,0.28,3.4,0.12,4.7,0.16,3.4,0.16,0.111,1.4,0.14,0.5,0.055,1.1,1.0,1.9,30.6
0.7,0.5,2.3,0.21,1.2,0.20265617373849548,1.3,0.13,3.2,0.3,3.0,0.12,2.4,0.16,0.075,1.7,0.10099999999999999,1.3,0.099,1.0,1.4,2.3,38.7
0.7,0.3,4.6,0.15,5.0,0.13,1.0,0.27,1.1,0.15,3.5,0.27,3.3,0.28,0.071,1.6,0.078,0.5,0.09699999999999999,1.3,1.0,2.6,32.9
0.8,0.4,4.4,0.29,4.7,0.12,2.3,0.15,4.8,0.13,1.6,0.19,3.6,0.19,0.021,1.1,0.027000000000000003,1.4,0.08,1.8,0.8,0.2,20.4
0.6,0.3,3.1,0.17,2.1,0.25,1.3,0.15,4.3,0.23,2.7,0.17,4.6,0.22,0.109,1.7,0.055,1.6,0.098,1.5,2.8,1.1,28.8
0.5,0.4,1.4,0.28,1.3,0.13,4.8,0.27,4.9,0.19,2.4,0.19,1.2,0.16,0.028999999999999998,0.9,0.02,1.2,0.034,0.6,1.3,1.3,23.1
0.7,0.4,4.5,0.21,3.5,0.18,3.2,0.26,4.2,0.19,2.7,0.19,4.1,0.14,0.057999999999999996,1.1,0.14400000000000002,0.7,0.061,1.9,1.9,2.6,39.3
0.8,0.4,2.5,0.15,5.0,0.16,1.3,0.17,2.5,0.11,4.3,0.20074737708093734,3.1,0.2,0.095,1.1,0.14800000000000002,0.7,0.033,1.9,0.5,1.4,34.3
0.7,0.4,4.4,0.18,2.4,0.12,1.9,0.12,4.9,0.12,2.1,0.25,1.7,0.23,0.15,1.4,0.182,1.2,0.055,1.3,1.6,2.7,18.1
0.6,0.5,3.038317203672704,0.12,4.8,0.17,1.7,0.21,4.3,0.22,4.3,0.23,4.8,0.15,0.023,1.5,0.039,1.6,0.001,1.2,0.6,2.8,12.2
0.6,0.4,2.9,0.24,2.3,0.14,2.8,0.14,4.2,0.14,1.9,0.2,4.8,0.27,0.061,0.8,0.106,0.9,0.07400000000000001,1.4,2.8,0.7,27.9
0.8,0.2,1.8,0.2,2.3,0.17,3.8,0.25,2.1,0.18,4.8,0.19,2.0,0.19,0.107,1.4,0.174,0.6,0.053,1.3,1.5,2.5,31.0
0.6,0.3,3.8,0.18,2.1,0.21,1.8,0.28,1.7,0.15,2.0,0.27,1.7,0.11,0.028999999999999998,1.8,0.057,0.6,0.07,1.8,0.4,0.5,41.6
0.5,0.5,4.9,0.22,2.9,0.19,4.1,0.13,4.6,0.22,4.3,0.2,2.5,0.15,0.16399999999999998,1.6,0.135,1.9,0.09300000000000001,1.8,2.6,1.6,44.6
0.5,0.4,4.9,0.14,1.5,0.24,2.0,0.28,3.8,0.19,1.4,0.2,2.8,0.21,0.183,1.5,0.040999999999999995,0.9,0.069,1.8,3.0,0.4,46.2
0.7,0.3,3.0,0.26,2.3,0.17,4.6,0.29,4.4,0.12,2.9,0.21,2.6,0.25,0.165,1.5,0.08900000000000001,1.0,0.081,0.9,2.5,0.9,34.7
0.7,0.4,3.041319165133986,0.25,1.7,0.2,4.3,0.16,3.4,0.14,4.6,0.18,2.3,0.26,0.196,1.4,0.05,1.4,0.061,1.5,0.6,1.3,43.5
0.5,0.3,1.4,0.27,3.7,0.26,3.2,0.22,4.8,0.24,4.6,0.22,4.9,0.18,0.09971031295798052,0.8,0.055999999999999994,1.5,0.045,1.4,0.3,2.4,12.0
0.9,0.3,3.0,0.12,3.6,0.29,2.7,0.11,2.7,0.23,3.0,0.18,4.6,0.18,0.11599999999999999,1.2,0.08800000000000001,1.4,0.09300000000000001,2.0,0.2,2.1,44.4
0.5,0.3,4.4,0.24,3.7,0.15,1.6,0.17,1.0,0.18,2.5,0.27,1.1,0.23,0.145,1.5,0.068,0.5,0.054000000000000006,1.1,2.2,2.9,34.0
0.9,0.4,4.9,0.16,2.1,0.14,2.930933910326358,0.1,1.2,0.3,4.1,0.29,4.5,0.14,0.10314738532384587,1.5,0.13,1.0,0.07400000000000001,1.9,0.4,1.1,44.8
0.7,0.4,2.6,0.14,4.6,0.16,1.6,0.23,1.9,0.12,1.7,0.22,2.1,0.11,0.001,0.7,0.184,0.8,0.006,1.7,2.0,2.1,5.0
0.7,0.2,3.2,0.22,1.6,0.29,2.6,0.21,4.6,0.24,4.2,0.11,1.2,0.22,0.09699999999999999,1.7,0.111,1.4,0.035,0.9,1.4,1.9,40.4
0.9,0.2,3.9,0.21,2.4,0.26,3.3,0.23,3.4,0.11,3.4,0.18,3.2,0.3,0.146,1.4,0.039,0.6,0.079,1.7,1.8,0.5,22.5
0.8,0.5,3.3,0.17,4.4,0.27,1.8,0.13,1.1,0.16,4.3,0.24,2.7,0.29,0.158,1.2,0.019,1.1,0.03,1.5,2.7,2.2,38.9
0.7,0.3,2.8,0.28,4.0,0.2,2.5,0.19,4.0,0.13,3.3,0.16,3.2,0.24,0.09940463205619937,0.8,0.066,1.7,0.047,1.3,2.8,1.1,30.2
0.6,0.3,4.3,0.12,1.6,0.16,2.2,0.15,5.0,0.22,4.5,0.17,4.1,0.2,0.19,1.0,0.051,1.3008908332257196,0.034,0.6,1.4,2.8,31.1
0.7,0.2,2.6,0.27,4.8,0.13,2.4,0.28,2.5,0.21,3.1,0.18,2.6,0.22,0.079,1.5,0.19899999999999998,0.9,0.084,1.6,1.2,2.4,31.1
0.7,0.4,1.3,0.24,3.4,0.19,3.6,0.24,2.9,0.17,3.4,0.20086094627895773,2.0,0.29,0.067,1.3,0.037000000000000005,1.0,0.003,0.8,2.6,1.7,26.2
0.6,0.5,3.0,0.15,2.1,0.27,3.8,0.12,3.8,0.19,2.8,0.3,3.4,0.12,0.013999999999999999,1.9,0.125,1.3,0.037000000000000005,1.0,1.6,0.7,29.4
0.7,0.3,3.8,0.23,2.7,0.14,2.9291751972018147,0.25,2.6,0.23,2.1,0.21,4.6,0.22,0.018000000000000002,0.7,0.04,0.8,0.055999999999999994,1.9,2.6,1.7,42.7
0.7,0.2,1.7,0.15,1.4,0.28,3.8,0.13,3.3,0.11,2.6,0.28,4.3,0.14,0.121,1.2,0.14800000000000002,1.4,0.044000000000000004,1.3,2.9,0.1,36.7
0.6,0.3,1.0,0.24,1.8,0.12,4.5,0.28,2.4,0.21,1.6,0.22,2.8,0.16,0.12300000000000001,0.8,0.11699999999999999,1.2,0.005,1.0,0.9,1.6,39.7
0.8,0.4,3.0,0.22,3.1,0.17,2.8,0.28,2.9,0.28,2.1,0.19,2.3,0.21,0.053,1.8,0.062,1.4,0.086,1.5,2.3,2.6,13.3
0.9,0.3,4.5,0.12,3.8,0.13,2.2,0.12,4.6,0.14,3.3,0.23,2.2,0.16,0.073,1.5,0.019,0.7,0.047,1.4,2.2,1.1,25.4
0.6,0.4,1.2,0.21,2.8,0.23,3.4,0.18,1.0,0.2,1.7,0.22,3.9,0.26,0.198,0.8,0.105,0.8,0.043,1.8,0.8,2.3,34.5
0.8,0.3,1.1,0.23,3.5,0.25,2.0,0.29,2.5,0.26,2.0,0.13,2.988419753409467,0.24,0.10240482596906322,1.5,0.11900000000000001,0.7,0.057999999999999996,1.8,0.6,0.9,42.0
0.6,0.2,3.5,0.17,3.1,0.24,3.0,0.29,1.2,0.2,2.7,0.29,4.5,0.17,0.11199999999999999,0.7,0.063,1.8,0.066,1.4,1.1,2.0,40.5
0.8,0.3,3.9,0.25,2.5,0.25,4.6,0.28,1.5,0.28,2.9447737037894086,0.14,4.6,0.25,0.183,1.0,0.11699999999999999,1.2063306900961852,0.047,0.6,3.0,1.4,35.9
0.7,0.3,4.0,0.22,3.3,0.22,3.6,0.13,4.6,0.1,1.5,0.15,1.5,0.2,0.106,2.0,0.09300000000000001,0.9,0.096,0.9,0.5,1.6,45.3
0.7,0.2,2.5,0.17,1.3,0.13,3.0,0.29,2.9,0.12,1.3,0.22,3.1,0.12,0.114,0.8,0.196,2.0,0.061,1.6,0.7,2.1,34.6
0.6,0.3,2.5,0.16,3.4,0.29,2.5,0.16,2.3,0.26,4.0,0.24,1.1,0.26,0.184,0.9,0.121,0.5,0.037000000000000005,1.1,2.8,2.2,13.2
0.6,0.3,4.6,0.19,1.0,0.19,1.8,0.19,4.0,0.13,3.0,0.29,1.3,0.25,0.044000000000000004,1.9,0.196,1.8,0.091,1.8,0.6,2.1,43.1
0.8,0.2,4.3,0.16,1.6,0.28,3.0,0.3,3.2,0.17,4.3,0.22,1.4,0.13,0.14400000000000002,0.9,0.102,0.5,0.004,1.2,1.8,2.8,31.8
0.6,0.2,1.6,0.18,3.2,0.16,1.7,0.21,1.1,0.13,3.7,0.22,2.4,0.13,0.179,1.8,0.077,0.7,0.009000000000000001,1.5,1.4,1.4,39.6
0.7,0.4,3.5,0.24,2.5,0.13,1.9,0.2,1.2,0.3,2.0,0.18,2.6,0.21,0.018000000000000002,0.7,0.08800000000000001,0.9,0.07200000000000001,1.5,0.8,2.4,40.5
0.8,0.4,2.9,0.21,4.0,0.18,1.2,0.19936559530360187,3.3,0.17,2.6,0.28,4.0,0.12,0.073,1.0,0.19899999999999998,0.8,0.012,1.9,2.0,1.6,40.2
0.6,0.2,2.0,0.19,2.9089529653624275,0.2,3.6,0.22,3.1,0.23,2.6,0.28,4.0,0.23,0.139,0.7,0.16,0.8,0.068,0.9,1.3,1.5,39.0
0.8,0.4,4.4,0.2,4.2,0.11,3.7,0.24,2.6,0.1,1.3,0.17,3.8,0.3,0.006,1.6,0.10400000000000001,1.9,0.027000000000000003,1.7,0.8,2.6,26.5
0.6,0.3,1.8,0.22,4.7,0.15,1.3,0.16,3.1,0.21,5.0,0.11,1.4,0.3,0.08900000000000001,0.6,0.149,1.1,0.002,1.8,1.7,0.5,14.7
0.8,0.3,2.1,0.12,2.7,0.29,2.3,0.19,2.1,0.17,1.4,0.16,1.4,0.11,0.182,1.8,0.015,0.5,0.038,0.6,0.9,1.0,32.5
0.5,0.4,4.1,0.15,2.3,0.11,3.4,0.23,4.0,0.14,1.9,0.15,3.1,0.22,0.115,1.5,0.114,1.9,0.086,0.8,1.5709414411342055,2.7,29.5
0.8,0.3,1.0,0.12,3.6,0.18,4.4,0.15,3.9,0.15,1.9,0.11,1.3,0.25,0.015,2.0,0.069,0.8,0.034,0.8,2.6,2.3,10.1
0.6,0.3,2.1,0.21,3.9,0.24,3.2,0.18,2.9,0.22,4.2,0.1,4.0,0.3,0.062,1.7,0.087,1.3,0.054000000000000006,1.9,0.7,2.8,34.5
0.5,0.2,4.6,0.22,4.8,0.18,2.3,0.19,1.9,0.12,3.6,0.19,2.984854788948773,0.24,0.135,1.7,0.191,0.9,0.049,1.1,2.5,0.3,21.8
0.6,0.2,1.9,0.12,4.3,0.11,3.2,0.1939688306472109,3.2,0.27,2.0,0.19,3.7,0.29,0.107,0.9,0.171,1.3,0.065,1.258417361131425,0.9,0.9,31.9
0.7,0.4,1.2,0.2,4.6,0.24,2.7,0.13,3.7,0.28,1.9,0.24,4.4,0.13,0.04,1.4,0.198,1.2202038870088436,0.08900000000000001,0.9,2.9,0.4,27.5
0.6,0.4,3.7,0.26,4.7,0.27,2.4,0.13,4.5,0.17,4.5,0.20046571569655222,3.3,0.16,0.016,1.5,0.16,1.5,0.087,1.7,1.4,1.2,22.2
0.6,0.2,2.2,0.22,3.0,0.23,4.2,0.11,1.5,0.19,1.2,0.11,2.2,0.11,0.151,1.5,0.126,0.5,0.045,0.6,2.6,2.4,31.1
0.7,0.4,3.4,0.15,4.4,0.201304110470593,5.0,0.21,1.9,0.17,4.7,0.28,1.1,0.15,0.12300000000000001,1.0,0.184,1.8,0.09,1.3,0.9,2.9,36.6
0.7,0.4,2.7,0.21,4.9,0.18,3.4,0.25,3.0,0.29,3.160936291163141,0.14,4.5,0.11,0.021,0.6,0.087,1.8,0.059000000000000004,1.4,1.5,2.6,20.4
0.9,0.5,2.8,0.29,1.2,0.13,2.1,0.24,1.2,0.15,2.3,0.18,4.4,0.22,0.102,1.7,0.09300000000000001,1.5,0.049,1.5,1.5,1.3,45.6
0.8,0.2,4.3,0.22,4.0,0.28,1.2,0.2,3.3,0.16,4.3,0.18,1.0,0.28,0.152,1.4,0.078,1.2,0.085,1.2,0.5,0.3,23.6
0.7,0.4,1.9,0.21,4.5,0.2,2.928236901281848,0.2,4.1,0.23,3.8,0.23,2.8,0.15,0.026000000000000002,0.6,0.01,1.0,0.084,0.8,3.0,1.5,4.3
0.8,0.4,5.0,0.28,2.1,0.24,4.1,0.21,5.0,0.22,3.5,0.19,3.9,0.16,0.195,1.8,0.172,1.9,0.043,1.5,3.0,1.6,42.9
0.6,0.3,4.8,0.17,2.6,0.27,1.8,0.22,2.8,0.15,3.6,0.23,2.8,0.26,0.021,1.4,0.018000000000000002,1.4,0.038,0.6,2.4,2.1,25.9
0.5,0.3,3.5,0.13,3.9,0.28,2.0,0.16,4.4,0.26,3.1,0.16,2.8,0.25,0.033,1.7,0.19699999999999998,1.9,0.092,0.6,1.5,0.6,35.5
0.7,0.3,2.5,0.29,3.7,0.27,2.0,0.14,3.6,0.13,3.5,0.27,2.7,0.19719225605512933,0.19,1.2,0.005,0.7,0.051,1.5,1.8,2.4,31.0
0.8,0.3,3.6,0.25,2.2,0.11,4.6,0.13,4.5,0.15,1.3,0.15,4.4,0.23,0.154,0.7,0.14,1.3,0.008,1.1,2.0,0.8,29.3
0.5,0.2,4.9,0.16,2.5,0.2,3.3,0.11,4.5,0.12,1.9,0.20154831465012213,1.6,0.3,0.138,1.4,0.037000000000000005,1.4,0.08900000000000001,0.9,1.7,0.2,41.2
0.9,0.3,2.3,0.27,2.6,0.27,3.4,0.24,3.5,0.26,1.9,0.14,4.6,0.18,0.17,1.5,0.081,2.0,0.062,1.0,2.4,2.3,27.9
0.7,0.4,3.6,0.28,1.5,0.26,2.7,0.28,1.5,0.3,4.3,0.28,3.4,0.26,0.07,1.2,0.075,1.0,0.07400000000000001,1.1,2.2,0.7,38.7
0.8,0.4,3.7,0.25,1.4,0.29,2.7,0.29,1.0,0.19,3.6,0.13,2.7,0.28,0.157,1.9,0.172,0.6,0.02,0.8,1.2,2.0,35.3
0.8,0.3,4.5,0.16,3.0,0.17,3.0,0.29,3.8,0.18,2.3,0.16,3.8,0.16,0.068,1.5,0.162,1.2,0.009000000000000001,1.2,2.1,2.4,33.3
0.8,0.4,4.6,0.16,3.2,0.14,4.6,0.16,1.5,0.11,2.6,0.18,2.3,0.14,0.18600000000000003,1.1,0.025,1.5,0.013999999999999999,1.1,1.3,1.4,34.6
0.6,0.2,5.0,0.29,2.6,0.23,1.7,0.26,3.1,0.11,2.1,0.23,4.9,0.11,0.122,1.9,0.165,1.0,0.051,1.0,0.6,0.3,41.5
0.9,0.2,2.6,0.17,2.5,0.18,2.6,0.1936045952851372,2.5,0.28,1.3,0.19,4.8,0.17,0.054000000000000006,0.9,0.13,1.3,0.098,1.3,3.0,2.4,37.1
0.8,0.4,2.3,0.15,2.6,0.3,2.7,0.14,3.2,0.1,1.6,0.17,3.0,0.3,0.031,1.9,0.126,1.0,0.047,1.5,2.7,1.3,28.9
0.8,0.3,1.2,0.29,3.0,0.22,4.6,0.28,2.8,0.12,3.8,0.18,2.7,0.19,0.17800000000000002,1.8,0.09699999999999999,0.6,0.06,1.3,1.577090684795231,0.5,35.4
0.9,0.2,4.6,0.17,4.6,0.21,4.6,0.18,2.0,0.17,4.2,0.27,1.8,0.25,0.046,0.9,0.085,1.0,0.06,1.2601853765873487,3.0,0.9,17.1
0.5,0.3,3.6,0.27,1.5,0.19,4.7,0.27,1.5,0.12,3.0,0.25,2.3,0.12,0.1,1.8,0.073,0.7,0.03,1.5,0.9,0.9,39.4
0.7,0.4,3.6,0.17,2.4,0.11,1.3,0.26,4.8,0.19,3.8,0.13,2.7,0.23,0.113,1.6,0.078,1.5,0.09699999999999999,1.1,0.5,1.3,28.6
0.8,0.2,4.5,0.16,2.4,0.1,2.8,0.19,2.2,0.24,4.7,0.2,3.8,0.2,0.09300000000000001,1.8,0.187,1.9,0.006,1.4,0.8,1.0,30.7
0.9,0.5,2.1,0.12,2.1,0.19,4.8,0.13,2.5,0.23,2.0,0.18,4.5,0.28,0.052000000000000005,0.9,0.11699999999999999,1.5,0.066,1.4,1.4,0.3,41.9
0.6,0.2,1.2,0.20079823943905725,4.6,0.17,1.7,0.24,1.9,0.13,2.9,0.2,2.9,0.11,0.185,0.7,0.09300000000000001,1.9,0.079,1.7,0.4,2.6,33.6
0.5,0.5,4.3,0.25,2.3,0.21,2.92761557965912,0.26,4.3,0.11,2.2,0.22,2.0,0.28,0.009000000000000001,2.0,0.09300000000000001,0.9,0.006999999999999999,1.4,2.7,0.1,33.3
0.9,0.4,3.1,0.28,1.5,0.16,3.6,0.16,2.8,0.29,4.3,0.2,3.9,0.28,0.131,1.3,0.062,1.2,0.005,1.6,1.0,1.6,37.1
0.6,0.4,1.9,0.24,2.1,0.15,2.7,0.11,3.4,0.18,2.1,0.18,1.3,0.27,0.09699999999999999,1.8,0.047,1.2,0.09300000000000001,0.8,1.1,1.3,39.5
0.9,0.3,3.5,0.27,1.3,0.23,1.1,0.23,4.6,0.29,2.4,0.24,4.9,0.27,0.038,1.9,0.166,1.8,0.08800000000000001,1.7,2.8,2.9,35.2
0.6,0.5,4.7,0.19,2.6,0.15,4.8,0.28,4.1,0.22,2.1,0.15,1.8,0.21,0.081,1.7,0.115,0.7,0.069,0.6,2.9,2.9,34.1
0.6,0.5,2.0,0.3,1.9,0.25,1.8,0.26,2.9,0.27,4.1,0.11,4.5,0.19,0.077,1.1,0.18899999999999997,1.5,0.015,0.7,0.8,0.5,37.9
0.7,0.3,1.7,0.12,3.4,0.21,4.6,0.3,3.6,0.19862280324636722,4.7,0.17,3.9,0.1,0.004,1.0,0.065,0.5,0.02,0.5,1.7,2.8,3.3
0.6,0.4,3.2,0.12,1.4,0.24,1.2,0.15,2.9,0.19,3.3,0.23,2.2,0.24,0.059000000000000004,1.0,0.13,1.7,0.09699999999999999,1.8,2.7,0.6,36.4
0.8,0.3,2.2,0.21,4.5,0.27,2.7,0.19,2.8,0.15,2.9,0.12,2.7,0.2,0.139,2.0,0.139,1.0,0.027000000000000003,1.0,1.9,0.3,41.5
0.9,0.4,1.5,0.17,1.4,0.29,2.3,0.27,2.7,0.1,3.5,0.26,1.2,0.25,0.182,1.7,0.174,1.3,0.053,0.8,1.0,0.4,28.9
0.9,0.3,2.9,0.24,2.1,0.22,4.9,0.26,3.0,0.22,3.3,0.28,3.3,0.29,0.037000000000000005,1.1,0.195,1.7,0.033,1.0,1.1,1.3,24.8
0.6,0.2,3.9,0.3,1.6,0.28,2.3,0.27,3.6,0.13,2.0,0.15,1.4,0.21,0.083,1.4,0.081,0.8,0.09699999999999999,1.9,1.3,2.1,30.8
0.9,0.4,2.7,0.21,4.2,0.19,4.9,0.18,3.9,0.24,2.8,0.29,3.6,0.25,0.138,1.5,0.066,2.0,0.025,1.8,2.9,3.0,30.6
0.9,0.3,2.1,0.18,2.0,0.12,2.8,0.20739172866134922,3.8,0.29,4.5,0.17,1.5,0.25,0.168,1.3,0.195,2.0,0.083,1.1,0.5,1.5,26.3
0.9,0.4,3.1,0.2,5.0,0.26,2.5,0.14,2.8,0.18,3.7,0.12,2.0,0.13,0.10400000000000001,1.0,0.10405252153314891,1.4,0.071,1.1,2.9,0.8,22.5
0.8,0.2,4.5,0.14,1.0,0.20092452734402608,1.0,0.22,3.3,0.28,2.6,0.14,2.5,0.18,0.105,0.9,0.18,1.9,0.075,2.0,1.5,1.2,33.2
0.9,0.5,3.6,0.28,4.6,0.12,3.2,0.12,2.6,0.16,2.6,0.3,2.9,0.28,0.083,0.6,0.14800000000000002,1.1,0.054000000000000006,1.0,2.1,0.2,32.3
0.8,0.5,3.7,0.20192788517515192,1.3,0.28,1.7,0.2084204322877635,1.8,0.3,2.899651191231475,0.29,2.3,0.28,0.10099999999999999,1.2,0.073,1.4,0.07200000000000001,1.1,0.9,1.0,36.8
0.7,0.3,3.5,0.18,3.0113220228101567,0.2,2.1,0.16,1.1,0.21,3.8,0.21,2.2,0.19907994370083923,0.168,1.0,0.114,1.4,0.039,1.7,2.2,1.0,39.2
0.8,0.5,3.9,0.15,3.5,0.29,4.6,0.19,3.3,0.11,1.1,0.21,3.5,0.16,0.113,0.6,0.157,1.1,0.07400000000000001,1.9,1.0,0.8,31.0
0.8,0.3,4.8,0.16,1.4,0.2,1.5,0.11,1.9,0.15,3.4,0.23,1.2,0.26,0.055,1.2,0.18600000000000003,1.1,0.085,0.6,0.2,1.3,31.8
0.8,0.4,4.6,0.12,3.9,0.15,3.6,0.19,1.8,0.26,1.3,0.26,1.7,0.2,0.099,1.1,0.048,0.7,0.043,1.7,2.9,2.1,40.3
0.7,0.4,1.8,0.23,3.1,0.19,1.1,0.23,3.6,0.13,1.1,0.1,4.3,0.14,0.188,1.5,0.013999999999999999,0.8,0.075,1.1,0.9,2.0,43.1
0.8,0.5,3.8,0.2,2.6,0.3,1.6,0.21,1.9,0.11,3.9,0.24,1.3,0.19,0.198,1.1,0.157,0.6,0.031,0.6,2.3,1.5765340259217366,28.9
0.6,0.3,1.1,0.14,2.1,0.13,3.4,0.23,1.4,0.24,1.8,0.13,4.8,0.27,0.171,1.6,0.07200000000000001,1.5,0.025,1.9,1.1,2.9,38.5
0.7,0.3,1.6,0.1,3.0,0.16,2.0,0.20233792419102012,1.5,0.15,2.8,0.11,3.3,0.21,0.08900000000000001,0.8,0.15,1.4,0.05211878269654953,1.4,1.9,1.1,26.6
0.5,0.4,4.3,0.23,3.7,0.28,2.5,0.13,3.8,0.27,2.6,0.22,1.6,0.28,0.024,1.4,0.10257574797642358,1.4,0.037000000000000005,1.9,1.0,1.4,33.9
0.6,0.2,4.8,0.2,1.9,0.15,3.3,0.22,3.3,0.26,3.7,0.24,2.7,0.13,0.188,0.8,0.067,0.6,0.08800000000000001,1.1,1.1,0.1,31.1
0.8,0.4,2.7,0.29,3.6,0.29,3.9,0.12,2.4,0.27,2.2,0.14,3.4,0.15,0.02,1.1,0.16399999999999998,0.8,0.005,0.8,2.0,0.3,34.2
0.6,0.2,3.6,0.26,3.2,0.16,4.3,0.29,2.1,0.21,2.1,0.13,3.4,0.23,0.073,1.1,0.106,0.9,0.052000000000000005,1.0,0.2,1.5,40.8
0.8,0.4,2.9,0.20507758896046022,3.9,0.2,2.5,0.2,4.3,0.19,3.1,0.27,4.8,0.14,0.066,0.7,0.037000000000000005,1.5,0.036000000000000004,1.2,1.5727354616454585,0.3,31.8
0.7,0.4,1.6,0.16,4.4,0.21,3.7,0.28,2.4,0.24,2.8,0.12,4.3,0.16,0.136,1.7,0.19699999999999998,0.8,0.015,1.9,1.9,1.3,29.2
0.8,0.4,3.7,0.12,3.6,0.18,4.5,0.19432390766482263,4.4,0.18,2.1,0.11,3.2,0.15,0.19699999999999998,0.7,0.055,1.3,0.066,1.0,0.6,1.3,43.9
0.5,0.3,2.9,0.21,3.9,0.27,3.3,0.14,4.4,0.28,3.1,0.25,2.3,0.23,0.036000000000000004,1.4,0.10206871838838856,1.3,0.08199999999999999,1.5,0.3,0.9,25.3
0.7,0.2,4.2,0.1,4.6,0.16,1.9,0.26,4.0,0.29,4.7,0.3,2.5,0.24,0.023,1.6,0.099,1.2,0.044000000000000004,0.5,0.6,1.5778290953156606,23.8
0.8,0.4,4.6,0.28,1.0,0.28,2.9,0.29,1.2,0.2,4.8,0.21,2.9857280457473148,0.2,0.07400000000000001,0.7,0.182,1.2562583718045408,0.067,0.9,1.4,1.1,36.7
0.5,0.4,1.7,0.1,1.6,0.13,1.0,0.14,3.9,0.11,2.892871525492906,0.28,4.1,0.21,0.094,1.9,0.028999999999999998,1.6,0.040999999999999995,0.9,0.6,0.2,37.8
0.9,0.5,4.0,0.2,3.4,0.13,2.8,0.17,4.3,0.1,4.4,0.13,2.9864236916323814,0.23,0.049,1.6,0.12300000000000001,1.7,0.069,0.9,1.5713939697654944,1.5,29.3
0.9,0.4,2.7,0.17,2.0,0.23,2.2,0.15,3.2,0.25,2.0,0.2,1.0,0.29,0.055,0.8,0.177,1.7,0.037000000000000005,0.7,0.1,1.0,11.9
0.8,0.3,3.9,0.21,1.6,0.11,3.2,0.28,2.3,0.3,2.2,0.27,1.5,0.16,0.11199999999999999,1.1,0.032,0.9,0.031,0.5,1.1,2.2,31.6
0.8,0.4,1.4,0.13,4.4,0.18,2.3,0.11,3.2,0.17,2.0,0.27,3.6,0.23,0.11900000000000001,1.4,0.092,1.0,0.042,0.6,1.9,2.3,21.0
0.6,0.4,4.7,0.12,4.1,0.27,1.2,0.11,3.5,0.12,4.7,0.21,4.3,0.11,0.098,1.3,0.053,1.9,0.015,0.9,1.2,2.3,39.2
0.7,0.2,2.9,0.21,3.8,0.25,2.0,0.28,1.5,0.22,2.4,0.3,1.8,0.21,0.055999999999999994,0.7,0.19,1.1,0.087,0.6,2.4,2.0,27.2
0.8,0.3,2.3,0.2,4.3,0.28,3.1,0.19,1.3,0.16,3.2,0.21,2.6,0.29,0.188,0.6,0.17600000000000002,1.0,0.092,1.2,2.3,2.3,32.9
0.6,0.3,4.0,0.19,3.6,0.22,3.4,0.27,1.2,0.24,2.1,0.24,4.8,0.23,0.01,1.1,0.136,1.2,0.036000000000000004,0.9,0.4,2.6,40.8
0.5,0.5,2.0,0.16,3.2,0.11,1.0,0.19,1.3,0.27,1.2,0.12,4.1,0.21,0.057999999999999996,0.7,0.17300000000000001,1.9,0.069,1.6,1.1,0.3,40.5
0.8,0.5,3.9,0.22,5.0,0.24,4.6,0.18,2.7,0.18,4.9,0.17,2.6,0.15,0.045,1.9,0.1,1.8,0.064,1.5,0.8,0.1,27.6
0.8,0.4,2.9,0.18,1.2,0.2044418319354148,3.5,0.26,2.4,0.15,2.0,0.22,1.1,0.17,0.063,1.9,0.157,1.2,0.045,1.4,0.6,1.2,21.7
0.8,0.4,3.8,0.24,2.0,0.11,1.2,0.19,4.6,0.17,4.6,0.15,1.2,0.20062421378100703,0.11,1.2,0.182,1.9,0.092,1.6,0.7,0.9,34.9
0.5,0.3,3.1,0.18,1.1,0.16,4.6,0.19,1.5,0.12,3.0,0.25,3.8,0.19,0.127,2.0,0.032,0.9,0.027999999999999997,1.7,2.9,1.9,25.0
0.7,0.3,2.2,0.22,1.7,0.2,4.1,0.21,1.5,0.12,1.1,0.12,1.0,0.15,0.121,0.7,0.14300000000000002,0.6,0.036000000000000004,0.8,2.3,2.9,20.6
0.9,0.3,4.5,0.1,5.0,0.19,3.2,0.12,4.5,0.11,3.8,0.16,1.3,0.15,0.18100000000000002,1.0,0.121,2.0,0.028999999999999998,1.7,1.1,1.6,36.7
0.5,0.3,2.7,0.27,1.6,0.19,2.1,0.11,1.3,0.18,3.8,0.28,3.2,0.25,0.157,0.8,0.10274670739808912,1.0,0.059000000000000004,1.9,0.2,1.7,30.2
0.8,0.4,3.6,0.20281349480669297,4.3,0.23,3.7,0.11,4.5,0.21,3.2,0.12,4.7,0.11,0.091,1.5,0.19699999999999998,1.6,0.005,1.263873293855629,1.9,2.6,27.7
0.5,0.3,3.3,0.21,2.7,0.27,2.7,0.25,1.2,0.24,4.1,0.21,4.2,0.2,0.18899999999999997,1.7,0.172,1.6,0.05,0.6,1.0,1.0,32.5
0.7,0.3,2.1,0.14,2.1,0.13,2.5,0.2,4.8,0.15,2.0,0.24,2.1,0.29,0.145,0.8,0.021,1.8,0.063,1.5,0.1,2.5,42.1
0.8,0.2,2.4,0.26,2.3,0.18,3.4,0.18,3.3,0.17,2.3,0.24,2.2,0.29,0.1,1.2,0.04,1.3,0.067,0.5,0.7,0.8,34.2
0.7,0.4,3.8,0.15,4.4,0.11,4.4,0.25,1.4,0.14,1.6,0.17,4.7,0.25,0.14400000000000002,1.2,0.10421750162741913,1.1,0.099,0.5,1.3,2.4,40.6
0.7,0.5,1.5,0.27,4.9,0.23,3.2,0.28,1.9,0.18,3.5,0.15,2.3,0.23,0.017,1.1,0.011000000000000001,2.0,0.008,1.2,0.2,2.3,10.6
0.6,0.5,4.1,0.12,3.3,0.13,3.1,0.23,2.5,0.2,2.2,0.21,4.3,0.14,0.05,1.8,0.13699999999999998,0.9,0.09,1.6,2.3,1.1,35.4
0.8,0.5,2.4,0.23,3.6,0.27,2.6,0.28,3.0,0.22,1.7,0.27,3.6,0.15,0.183,1.3,0.034,1.1,0.01,1.3,0.9,0.4,41.7
0.6,0.4,2.7,0.17,3.5,0.14,2.6,0.16,1.3,0.12,4.5,0.12,3.1,0.21,0.024,1.9,0.038,1.5,0.044000000000000004,0.7,1.8,1.5,28.4
0.7,0.3,4.8,0.18,3.3,0.24,1.7,0.21,2.2,0.18,2.9,0.22,4.7,0.23,0.161,1.3,0.094,1.7,0.03,0.7,1.2,2.0,23.3
0.8,0.2,4.3,0.14,2.8,0.16,3.3,0.25,1.3,0.28,3.6,0.17,2.0,0.11,0.069,0.6,0.161,0.8,0.035,1.7,2.5,2.6,19.4
0.6,0.3,2.3,0.11,1.7,0.25,3.8,0.13,1.5,0.12,2.2,0.16,4.1,0.23,0.048,1.2,0.159,0.8,0.040999999999999995,0.9,1.5,0.3,41.4
0.7,0.4,2.7,0.25,4.9,0.16,3.1,0.22,1.6,0.24,4.9,0.28,3.4,0.29,0.051,0.7,0.025,1.2263030016675203,0.025,1.2,2.6,1.6,15.8
0.6,0.2,1.4,0.25,5.0,0.26,2.3,0.19,1.4,0.17,4.1,0.19885254517050055,4.8,0.26,0.156,1.0,0.094,1.3,0.09,0.7,2.7,2.7,24.4
0.6,0.5,3.7,0.17,2.5,0.25,4.3,0.13,3.9,0.2,3.4,0.27,1.6,0.29,0.026000000000000002,1.4,0.017,1.9,0.006,1.7,1.2,1.1,28.8
0.6,0.3,1.4,0.27,3.6,0.15,2.9,0.25,1.9,0.19990262209509432,2.3,0.14,2.4,0.29,0.025,1.8,0.009000000000000001,1.8,0.045,1.1,1.0,1.5,14.2
0.7,0.5,3.4,0.21,4.1,0.27,1.7,0.16,3.5,0.12,1.2,0.13,2.9,0.25,0.13,1.0,0.031,1.2,0.094,1.1,0.5,2.3,43.4
0.8,0.3,3.0,0.16,3.2,0.15,2.5,0.2,4.8,0.22,4.3,0.2,4.1,0.14,0.045,1.5,0.084,1.0,0.08900000000000001,0.6,1.8,1.1,33.7
0.7,0.3,3.7,0.13,4.0,0.19946199215088628,1.5,0.25,2.5,0.18,2.0,0.11,4.2,0.24,0.16899999999999998,1.3,0.102,1.1,0.067,1.5,1.4,2.2,37.5
0.8,0.3,4.0,0.25,4.5,0.15,5.0,0.11,1.1,0.13,4.0,0.26,2.2,0.14,0.129,1.8,0.057,0.7,0.098,1.3,0.6,2.1,28.1
0.5,0.4,3.6,0.26,1.8,0.28,4.7,0.29,1.9,0.1984084838428928,3.9,0.21,1.7,0.13,0.11900000000000001,1.8,0.182,1.5,0.031,1.7,0.7,1.8,41.1
0.9,0.4,1.2,0.1,1.7,0.1,1.8,0.24,4.1,0.19,4.4,0.29,3.1,0.29,0.031,1.0,0.156,1.5,0.038,2.0,0.8,2.8,23.1
0.8,0.3,2.3,0.25,1.7,0.11,4.4,0.2,4.0,0.27,2.2,0.16,2.2,0.1,0.062,1.8,0.171,1.4,0.05020336088636053,1.4,1.3,0.5,26.8
0.8,0.4,4.7,0.23,4.6,0.17,1.2,0.23,4.0,0.17,2.2,0.16,1.5,0.26,0.153,0.9,0.182,1.7,0.069,0.8,1.568864449298401,0.9,19.5
0.5,0.4,4.6,0.25,1.6,0.16,3.3,0.26,4.9,0.11,3.6,0.17,1.2,0.27,0.193,0.7,0.139,1.2,0.006,1.2513010520515586,0.6,2.1,38.2
0.6,0.4,3.2,0.19,2.1,0.14,4.7,0.11,1.3,0.15,2.5,0.16,2.1,0.19,0.11199999999999999,1.7,0.162,1.1,0.0,1.7,2.7,3.0,39.3
0.7,0.3,1.1,0.17,1.9,0.22,1.9,0.19,2.3,0.26,1.9,0.2,4.0,0.12,0.027999999999999997,1.4,0.188,2.0,0.095,1.4,0.4,1.5,33.8
0.6,0.4,3.6,0.26,3.9,0.23,1.1,0.16,3.3,0.20435875859386607,3.0,0.27,4.0,0.28,0.133,1.8,0.03,0.6,0.066,1.8,0.5,2.0,32.6
0.8,0.4,2.1,0.3,3.4,0.23,2.3,0.28,2.7,0.16,4.4,0.2,4.0,0.28,0.11,1.2726649466850997,0.11900000000000001,1.7,0.07200000000000001,1.3,0.6,1.3,24.0
0.6,0.4,2.3,0.24,3.1,0.21,2.7,0.27,2.3,0.12,3.1,0.12,3.2,0.22,0.151,0.6,0.10347941504323074,1.8,0.032,1.8,0.8,2.0,37.7
0.6,0.3,2.6,0.19,3.9,0.24,4.1,0.26,2.2,0.19811051784517067,2.5,0.25,1.2,0.13,0.19,0.8,0.094,1.6,0.045,1.2,2.6,0.8,35.5
0.9,0.4,2.9,0.28,4.3,0.27,3.4,0.18,1.1,0.14,5.0,0.22,1.7,0.22,0.126,1.6,0.1,1.8,0.012,0.6,0.2,2.7,28.5
0.8,0.4,3.3,0.22,2.9,0.22,3.8,0.11,4.3,0.25,1.3,0.19,1.5,0.16,0.124,0.9,0.077,0.5,0.011000000000000001,0.8,2.2,0.8,26.9
0.7,0.4,3.015391684009012,0.26,2.1,0.15,4.1,0.21,1.9,0.22,2.6,0.16,3.4,0.29,0.10047801561157241,0.9,0.075,1.2,0.087,0.8,1.2,2.4,27.3
0.6,0.5,3.5,0.3,2.3,0.23,1.6,0.18,3.2,0.23,3.4,0.16,2.4,0.16,0.19899999999999998,1.0,0.021,1.9,0.07400000000000001,1.2541083319436936,2.7,0.7,39.6
0.7,0.4,4.8,0.26,2.1,0.16,4.8,0.14,4.9,0.11,3.9,0.17,1.2,0.14,0.152,1.6,0.003,0.7,0.009000000000000001,0.8,2.5,1.5,38.3
0.7,0.4,2.5,0.2,2.8,0.28,3.6,0.23,1.6,0.29,2.5,0.27,4.7,0.1,0.193,1.6,0.115,0.5,0.022000000000000002,1.6,1.1,1.6,40.1
0.6,0.3,1.1,0.22,3.0,0.20304950623450152,1.1,0.12,1.1,0.17,4.2,0.16,1.9,0.19,0.09,1.5,0.069,1.3,0.036000000000000004,1.5,2.9,2.2,13.5
0.8,0.5,2.2,0.11,2.0,0.27,1.6,0.18,2.7,0.15,5.0,0.18,5.0,0.22,0.192,1.1,0.07,1.1,0.052000000000000005,1.3,0.7,0.8,32.7
0.5,0.5,3.5,0.29,2.5,0.18,2.9,0.22,2.4,0.29,4.5,0.15,4.4,0.15,0.075,1.7,0.13,1.1,0.064,1.2,2.5,1.8,36.9
0.8,0.3,1.5,0.11,2.3,0.15,1.3,0.3,2.3,0.22,2.8,0.13,2.5,0.24,0.001,1.4,0.047,1.7,0.023,1.0,1.8,2.6,2.8
0.6,0.5,3.8,0.28,2.1,0.2,1.2,0.29,1.1,0.16,1.5,0.24,1.1,0.17,0.10400000000000001,1.4,0.035,1.6,0.026000000000000002,1.0,1.0,0.9,27.5
0.8,0.2,3.6,0.17,4.7,0.16,3.8,0.25,2.9,0.21,3.8,0.17,2.1,0.25,0.087,1.9,0.11800000000000001,1.198572832202499,0.084,2.0,2.5,1.7,36.8
0.5,0.3,2.2,0.21,3.2,0.23,2.0,0.20229909594977982,4.7,0.19,4.3,0.23,3.7,0.13,0.198,0.9,0.177,1.7,0.081,0.8,1.0,2.8,31.7
0.9,0.3,2.6,0.18,1.7,0.17,2.1,0.1,4.0,0.24,4.8,0.21,4.8,0.17,0.139,1.8,0.006999999999999999,1.7,0.038,0.5,2.1,0.3,34.9
0.6,0.3,2.6,0.17,4.0,0.12,2.0,0.28,4.2,0.21,1.7,0.14,3.4,0.12,0.025,1.6,0.156,1.5,0.084,0.7,2.8,1.1,29.7
0.6,0.2,1.6,0.1,2.9,0.23,2.3,0.25,3.6,0.16,2.4,0.27,4.6,0.23,0.057,1.7,0.142,0.7,0.057999999999999996,1.2,1.0,2.6,37.6
0.5,0.2,1.9,0.12,4.2,0.16,3.4,0.12,2.8,0.28,4.5,0.24,4.0,0.13,0.037000000000000005,1.8,0.113,1.7,0.046,1.2,2.0,2.0,34.0
0.7,0.5,2.6,0.14,4.0,0.15,3.1,0.14,3.3,0.15,4.1,0.29,1.5,0.25,0.078,0.7,0.033,0.7,0.021,1.2,1.2,2.3,17.3
0.6,0.4,1.6,0.2,1.9,0.2,2.7,0.16,4.4,0.11,1.3,0.21,2.3,0.29,0.177,1.3,0.027999999999999997,1.6,0.075,1.0,1.0,3.0,41.2
0.6,0.3,3.0172135328198895,0.23,3.0,0.2000250250098137,1.4,0.29,2.7,0.13,3.7,0.27,3.6,0.12,0.013000000000000001,1.1,0.175,1.6,0.037000000000000005,1.8,1.8,2.0,25.6
0.7,0.4,1.3,0.2,2.2,0.2,1.7,0.12,4.8,0.23,5.0,0.2032924679328814,2.0,0.28,0.135,1.6,0.166,1.1,0.099,1.4,0.8,0.5,41.4
0.7,0.3,4.6,0.24,1.5,0.11,4.4,0.23,3.7,0.17,4.2,0.19,4.4,0.26,0.011000000000000001,1.1,0.015,1.4,0.094,0.8,1.5,0.3,42.7
0.8,0.4,3.7,0.22,1.4,0.11,2.9,0.11,1.9,0.22,1.5,0.14,4.0,0.15,0.172,1.2,0.040999999999999995,1.6,0.002,0.8,0.6,2.9,20.2
0.8,0.5,4.3,0.22,4.2,0.22,1.8,0.18,4.8,0.28,1.6,0.19,2.9,0.20068055140612095,0.105,1.9,0.187,0.9,0.045,1.5,1.8,3.0,42.7
0.6,0.3,1.6,0.13,1.6,0.14,3.0,0.16,1.6,0.13,2.1,0.28,4.4,0.25,0.037000000000000005,0.6,0.027000000000000003,1.3,0.016,1.3,3.0,1.7,17.3
0.6,0.3,1.9,0.13,4.4,0.25,4.4,0.26,5.0,0.14,3.5,0.1,1.8,0.11,0.10099999999999999,1.1,0.011000000000000001,1.2542417129059975,0.057999999999999996,1.6,2.7,0.6,33.7
0.6,0.5,3.3,0.19,3.9,0.27,2.5,0.3,3.3,0.21,2.2,0.28,2.9,0.29,0.188,1.1,0.08800000000000001,1.1835421777594413,0.08199999999999999,1.4,2.1,2.6,39.6
0.6,0.3,2.9,0.18,5.0,0.16,4.0,0.13,4.7,0.15,4.1,0.23,3.2,0.25,0.08800000000000001,1.1,0.10368028817266489,1.4,0.095,1.5,1.5,1.9,36.7
0.6,0.3,1.4,0.26,4.5,0.24,2.9,0.2,3.7,0.12,4.2,0.29,4.5,0.28,0.10096483329851419,1.0,0.019,1.1,0.057999999999999996,1.1,1.3,0.6,21.0
0.5,0.3,4.8,0.22,4.3,0.14,2.2,0.17,3.9,0.24,2.7,0.21,3.4,0.16,0.09300000000000001,1.1,0.018000000000000002,0.6,0.095,0.8,0.5,1.0,40.9
0.7,0.3,4.1,0.16,1.9,0.26,1.1,0.21118681939507997,4.0,0.22,4.5,0.18,3.5,0.1,0.17800000000000002,0.6,0.034,0.9,0.075,1.5,0.8,1.1,33.6
0.9,0.3,1.3,0.19,3.4,0.19,4.2,0.15,2.9,0.2,4.7,0.13,4.1,0.1,0.162,1.2,0.11900000000000001,1.7,0.094,0.7,2.9,2.8,30.8
0.8,0.5,3.2,0.17,4.8,0.22,2.4,0.2,4.7,0.22,3.2012158906215435,0.13,2.5,0.19,0.17600000000000002,1.1,0.151,0.9,0.08,1.7,1.7,0.8,42.4
0.7,0.2,4.1,0.18,4.4,0.11,2.1,0.3,4.7,0.17,1.3,0.11,4.9,0.23,0.052000000000000005,1.6,0.10300000000000001,0.7,0.07200000000000001,1.4,2.0,0.3,45.7
0.5,0.4,1.3,0.12,2.4,0.26,1.5,0.21,4.3,0.28,2.3,0.22,2.9,0.27,0.073,1.271939658128208,0.10300000000000001,1.9,0.05128349566481516,0.5,1.7,1.2,25.7
0.8,0.2,4.0,0.21,2.2,0.12,2.4,0.12,3.8,0.12,1.0,0.18,4.3,0.2,0.11599999999999999,1.6,0.162,1.2,0.096,1.7,2.8,1.577122000106416,39.8
0.9,0.2,3.6,0.27,3.2,0.22,1.7,0.12,2.3,0.24,3.4,0.12,3.5,0.17,0.075,0.5,0.11199999999999999,1.5,0.061,1.4,3.0,2.3,21.4
0.8,0.4,1.9,0.24,3.9,0.12,2.8,0.21,2.7,0.27,2.3,0.18,3.8,0.18,0.040999999999999995,0.6,0.14400000000000002,0.8,0.069,0.8,1.5,2.3,20.6
0.6,0.4,2.6,0.25,1.5,0.24,3.7,0.18,2.7,0.1,1.8,0.24,2.1,0.28,0.149,0.8,0.11199999999999999,1.0,0.009000000000000001,2.0,1.6,2.6,32.8
0.7,0.4,1.3,0.11,4.1,0.29,1.3,0.18,3.2,0.18,4.1,0.18,3.0,0.25,0.10300000000000001,1.3,0.026000000000000002,1.4,0.004,0.7,2.1,2.8,31.2
0.9,0.4,4.9,0.18,3.7,0.29,2.9284732283889596,0.17,4.1,0.13,3.8,0.29,1.1,0.19853115172506505,0.15,1.3,0.19899999999999998,1.4,0.042,1.0,1.5703089979104583,1.6,16.3
0.8,0.3,2.1,0.26,4.4,0.15,2.6,0.28,3.8,0.25,3.2,0.14,2.1,0.19,0.13699999999999998,1.6,0.179,1.2,0.061,1.7,2.3,0.5,42.8
0.5,0.3,2.2,0.17,4.8,0.15,1.4,0.22,2.8,0.13,3.5,0.26,1.9,0.13,0.01,1.6,0.027999999999999997,0.8,0.046,1.6,3.0,1.3,5.3
0.7,0.4,3.2,0.22,4.8,0.24,3.7,0.17,2.9,0.15,4.6,0.21,2.7,0.28,0.008,0.5,0.078,1.6,0.027999999999999997,1.4,2.2,3.0,3.2
0.8,0.3,5.0,0.27,3.7,0.28,3.4,0.26,4.2,0.27,4.8,0.15,1.4,0.21,0.076,1.0,0.16899999999999998,1.4,0.005,1.7,1.1,2.2,20.1
0.7,0.3,3.6,0.24,3.7,0.27,1.6,0.12,1.2,0.15,1.9,0.2,4.4,0.15,0.187,2.0,0.196,1.8,0.051,1.6,0.3,1.7,32.7
0.6,0.2,2.8,0.12,4.7,0.24,4.0,0.2,2.0,0.18,4.8,0.27,2.8,0.25,0.161,1.7,0.139,1.4,0.006999999999999999,0.8,2.7,1.1,35.9
0.7,0.2,3.1,0.15,3.7,0.18,2.6,0.22,1.2,0.21,3.8,0.3,2.1,0.12,0.11199999999999999,1.7,0.061,0.9,0.026000000000000002,1.6,1.9,2.9,21.5
0.6,0.3,3.0165400665495388,0.28,4.4,0.25,2.5,0.13,3.5,0.12,1.1,0.29,4.4,0.23,0.085,0.5,0.021,1.6,0.084,0.8,0.9,2.7,36.0
0.7,0.4,1.9,0.27,3.4,0.15,2.6,0.26,3.026007101410189,0.17,3.8,0.2,1.7,0.2,0.121,1.8,0.11900000000000001,1.3,0.07400000000000001,1.8,0.4,1.2,42.5
0.8,0.3,2.0,0.17,2.3,0.27,3.2,0.12,2.4,0.26,1.2,0.18,1.1,0.23,0.067,1.4,0.121,1.9,0.054000000000000006,1.3,2.3,0.7,8.9
0.6,0.2,3.5,0.29,3.5,0.17,3.6,0.27,1.7,0.18,1.6,0.15,3.6,0.13,0.075,0.5,0.151,1.2,0.031,0.9,0.3,0.4,43.1
0.8,0.5,4.6,0.15,3.7,0.3,3.3,0.18,3.6,0.29,1.7,0.16,2.6,0.21,0.08199999999999999,0.9,0.156,1.2,0.022000000000000002,0.8,3.0,0.3,28.3
0.8,0.4,3.5,0.22,3.7,0.29,4.2,0.28,2.6,0.23,2.2,0.17,1.5,0.16,0.141,1.8,0.19899999999999998,1.9,0.067,1.3,0.5,2.3,34.7
0.9,0.2,3.4,0.2,4.8,0.15,4.6,0.3,2.7,0.26,4.8,0.16,1.5,0.16,0.12,1.3,0.016,1.2,0.008,1.5,1.6,0.9,33.9
0.8,0.5,4.3,0.21,3.8,0.12,1.3,0.27,1.6,0.27,1.9,0.26,4.3,0.23,0.183,0.5,0.124,1.0,0.087,0.8,1.1,1.3,20.5
0.6,0.5,4.6,0.25,4.5,0.13,2.3,0.21,2.5,0.23,4.8,0.22,4.7,0.15,0.17300000000000001,1.7,0.055999999999999994,1.6,0.027999999999999997,1.9,1.0,0.4,39.7
0.5,0.4,2.4,0.21,2.9155114136746683,0.29,1.8,0.22,3.2,0.26,1.4,0.14,2.9889773481793562,0.13,0.129,1.1,0.098,0.5,0.068,1.7,2.1,0.5,33.2
0.8,0.3,4.4,0.13,4.2,0.19,4.1,0.27,1.3,0.3,4.9,0.24,2.984702332313851,0.24,0.183,1.6,0.129,1.9,0.096,1.0,1.2,1.7,42.5
0.9,0.2,1.9,0.12,3.1,0.3,4.8,0.17,2.0,0.3,2.6,0.2,4.7,0.18,0.087,1.4,0.109,1.0,0.081,1.3,2.8,0.7,22.6
0.6,0.5,2.7,0.18,1.8,0.29,4.1,0.29,4.4,0.19,3.4,0.29,1.3,0.16,0.039,1.2,0.142,1.4,0.001,1.3,1.8,1.9,13.5
0.8,0.4,2.5,0.28,1.9,0.2,2.1,0.27,3.106541266564968,0.12,4.4,0.3,2.8,0.17,0.10344288603267977,1.2,0.044000000000000004,0.8,0.068,1.7,0.5,1.3,34.9
0.6,0.2,3.0,0.23,4.5,0.26,2.4,0.21,1.4,0.20703146992359614,1.7,0.29,4.2,0.15,0.14,1.2707446677339826,0.03,1.2,0.071,1.3,0.9,0.5,36.7
0.8,0.4,2.9,0.18,2.1,0.11,1.9,0.28,4.8,0.14,3.3,0.25,3.5,0.23,0.009000000000000001,1.7,0.175,0.8,0.037000000000000005,1.5,2.7,2.2,15.7
0.8,0.4,1.5,0.25,4.0,0.23,2.4,0.19,4.5,0.24,4.8,0.3,1.5,0.28,0.106,0.5,0.048,1.5,0.047,1.5,0.4,0.6,17.8
0.7,0.4,2.1,0.12,4.8,0.19,2.92861460692961,0.2,2.9280673377597677,0.15,2.9,0.12,1.4,0.18,0.13699999999999998,0.8,0.16699999999999998,0.8,0.039,0.7,2.7,2.4,18.4
0.8,0.4,4.7,0.25,1.9,0.21,1.6,0.11,2.2,0.28,2.5,0.28,1.9,0.28,0.064,1.5,0.07400000000000001,0.8,0.087,1.0,0.5,0.3,21.7
0.7,0.4,3.9,0.11,1.3,0.22,2.0,0.16,3.1,0.25,1.5,0.20326737747311388,3.7,0.25,0.185,1.9,0.11800000000000001,1.0,0.033,1.7,1.7,2.7,44.7
0.9,0.4,2.8,0.28,4.0,0.22,2.9,0.18,4.1,0.2,1.6,0.26,3.8,0.11,0.128,1.2,0.19899999999999998,1.7,0.052000000000000005,1.4,2.5,0.6,15.9
0.7,0.3,4.6,0.11,2.3,0.12,2.9,0.14,3.2,0.14,1.4,0.11,3.6,0.13,0.191,1.7,0.062,1.7,0.024,1.7,2.7,2.7,38.2
0.8,0.2,5.0,0.12,4.0,0.12,1.6,0.21,1.3,0.14,4.1,0.24,1.1,0.24,0.023,1.1,0.084,1.0,0.07400000000000001,1.7,2.9,2.1,10.9
0.7,0.4,2.0,0.12,3.4,0.25,4.2,0.29,3.5,0.15,4.0,0.17,1.0,0.11,0.115,0.8,0.07200000000000001,0.6,0.039,1.0,1.3,1.0,24.1
0.9,0.5,4.0,0.23,1.4,0.3,3.7,0.26,4.3,0.14,1.2,0.18,1.8,0.15,0.004,1.5,0.09,1.7,0.069,0.9,0.3,0.4,27.3
0.6,0.2,2.0,0.25,1.4,0.19,3.5,0.19,3.6,0.13,4.6,0.13,2.5,0.23,0.124,1.9,0.168,0.6,0.08900000000000001,0.7,2.6,1.3,28.7
0.8,0.2,2.8,0.27,1.8,0.16,4.7,0.22,3.5,0.23,4.1,0.1,4.4,0.1,0.157,1.1,0.028999999999999998,1.4,0.025,1.3,2.5,1.5,31.3
0.8,0.4,2.1,0.19,2.2,0.15,2.1,0.19,2.7,0.14,3.0026558805099306,0.13,2.2,0.19,0.133,0.5,0.126,1.9,0.043,1.5,1.2,1.3,39.9
0.7,0.2,1.2,0.24,1.9,0.13,4.6,0.15,3.2,0.13,2.5,0.26,1.0,0.21,0.18899999999999997,1.0,0.174,1.4,0.035,0.6,0.7,0.9,31.2
0.7,0.4,3.9,0.27,1.6,0.28,4.4,0.12,2.7,0.25,2.5,0.14,2.3,0.22,0.047,1.5,0.045,1.4,0.055,0.9,0.6,0.4,38.1
0.6,0.4,1.1,0.13,3.0,0.29,4.0,0.27,1.1,0.23,4.8,0.20229951070664248,4.2,0.27,0.036000000000000004,1.6,0.11199999999999999,1.1,0.045,1.6,0.4,2.5,27.8
0.7,0.5,2.9,0.24,4.6,0.12,1.6,0.12,2.6,0.11,1.3,0.18,3.1,0.26,0.122,1.6,0.134,1.3,0.038,0.5,0.2,1.1,35.6
0.8,0.5,1.7,0.11,2.9,0.23,4.2,0.12,3.6,0.16,4.9,0.25,2.98601017690209,0.11,0.156,0.7,0.106,1.1,0.064,0.7,1.7,1.6,32.5
0.7,0.3,3.8,0.29,3.2,0.12,2.4,0.29,2.7,0.12,4.5,0.21,2.2,0.22,0.08,1.5,0.023,1.6,0.046,1.1,1.0,1.4,36.9
0.9,0.4,3.8,0.29,2.8,0.18,3.8,0.28,3.2,0.27,4.4,0.18,5.0,0.22,0.165,1.7,0.096,1.1,0.004,1.8,2.3,1.3,25.4
0.9,0.4,4.0,0.15,4.3,0.18,2.2,0.29,3.0992531938741563,0.18,4.3,0.21,2.0,0.29,0.033,1.8,0.166,1.227926596135038,0.027000000000000003,1.7,1.0,2.1,13.0
0.5,0.3,4.8,0.27,1.2,0.27,2.6,0.29,2.6,0.17,2.6,0.3,4.5,0.24,0.128,0.9,0.08199999999999999,1.2363904392618223,0.017,0.5,2.0,0.3,39.2
0.9,0.3,3.8,0.16,2.9,0.24,1.1,0.13,2.3,0.22,2.0,0.14,1.3,0.14,0.077,0.7,0.048,2.0,0.067,1.4,2.7,0.5,16.8
0.9,0.4,2.2,0.2,4.3,0.19,3.7,0.22,2.6,0.14,4.7,0.23,1.1,0.19,0.095,1.1,0.16399999999999998,1.5,0.005,0.7,2.0,1.6,12.9
0.8,0.4,1.5,0.18,2.0,0.2,1.3,0.1,3.9,0.21,1.6,0.17,3.1,0.18,0.11199999999999999,0.7,0.14300000000000002,1.5,0.05,1.7,1.9,1.5,31.2
0.9,0.2,1.2,0.11,3.7,0.2061378147636956,3.0,0.24,3.1,0.29,3.9,0.11,1.4,0.19,0.198,0.5,0.155,1.4,0.077,1.9,0.6,0.3,19.7
0.8,0.5,3.1,0.23,1.4,0.18,2.928918017924874,0.25,4.2,0.25,3.2,0.12,2.3,0.25,0.09,0.8,0.14800000000000002,0.7,0.035,1.3,2.1,0.5,37.6
0.5,0.3,3.2,0.25,3.5,0.17,2.3,0.3,1.6,0.19,3.2,0.25,3.3,0.23,0.106,1.5,0.019,1.4,0.018000000000000002,1.8,1.6,0.8,40.5
0.6,0.5,2.3,0.22,1.9,0.15,3.1,0.26,2.2,0.14,2.8,0.17,2.5,0.13,0.009000000000000001,0.9,0.09699999999999999,1.6,0.018000000000000002,1.3,1.3,0.6,18.1
0.8,0.4,4.0,0.12,4.9,0.12,4.7,0.21,1.1,0.12,4.1,0.23,2.0,0.24,0.04,1.0,0.17300000000000001,0.6,0.018000000000000002,0.9,2.6,2.7,20.8
0.7,0.2,1.4,0.26,3.1,0.27,2.924826765552904,0.19,4.4,0.16,1.1,0.27,3.1,0.13,0.004,1.1,0.034,1.5,0.059000000000000004,2.0,1.3,2.2,26.1
0.8,0.3,3.0285281177396004,0.23,1.7,0.29,4.9,0.25,4.1,0.13,1.2,0.23,3.3,0.21,0.071,0.9,0.047,0.8,0.032,0.8,2.0,3.0,38.8
0.8,0.4,3.9,0.24,1.8,0.29,4.5,0.11,3.0,0.15,3.9,0.29,4.2,0.23,0.182,1.6,0.127,1.2,0.025,0.6,2.7,2.2,39.1
0.9,0.4,2.8,0.25,2.0,0.11,2.2,0.21,3.0,0.28,4.2,0.19,3.5,0.3,0.168,1.8,0.16699999999999998,1.5,0.006999999999999999,1.8,1.4,1.9,33.9
0.6,0.2,1.9,0.24,2.7,0.17,4.7,0.17,3.7,0.19767685816172603,3.7,0.21,2.6,0.15,0.17300000000000001,1.5,0.166,0.6,0.049,1.8,1.1,0.1,34.3
0.8,0.4,1.5,0.20368593351228573,1.4,0.14,2.9301332111303995,0.21,1.8,0.25,2.4,0.11,4.1,0.29,0.043,1.3,0.02,1.4,0.068,0.6,1.3,1.9,35.8
0.5,0.4,4.1,0.2,4.9,0.21,1.3,0.26,3.4,0.23,4.0,0.28,2.0,0.12,0.073,1.5,0.033,0.8,0.046,1.9,2.2,0.8,29.7
0.7,0.2,4.2,0.22,2.4,0.16,2.0,0.14,3.3,0.17,2.7,0.25,3.4,0.15,0.038,0.5,0.139,1.3,0.09699999999999999,1.3,2.0,1.0,40.7
0.6,0.3,1.6,0.11,1.3,0.19,1.3,0.13,2.4,0.26,4.3,0.13,4.3,0.25,0.18899999999999997,1.9,0.158,0.5,0.09,0.7,0.7,1.1,42.9
0.8,0.2,2.2,0.22,2.9300827068957815,0.16,4.1,0.26,3.6,0.12,3.9,0.23,4.0,0.19,0.18899999999999997,1.8,0.057,1.9,0.077,0.9,2.9,1.2,37.5
0.6,0.5,2.0,0.22,2.1,0.25,3.9,0.15,4.1,0.14,4.0,0.16,3.7,0.12,0.12300000000000001,1.9,0.126,0.9,0.077,0.7,2.9,2.6,42.0
0.5,0.2,2.3,0.21,1.8,0.21,4.1,0.14,4.4,0.11,4.7,0.28,1.4,0.26,0.001,1.4,0.151,1.8,0.005,0.6,2.0,2.0,4.6
0.6,0.3,5.0,0.19,4.6,0.3,4.5,0.16,3.6,0.24,2.9,0.26,4.5,0.29,0.073,0.8,0.113,1.2,0.066,0.8,0.7,2.9,38.1
0.8,0.2,4.2,0.19,2.9,0.29,1.1,0.24,2.3,0.18,1.6,0.12,4.6,0.18,0.132,0.9,0.094,1.0,0.07,1.3,1.2,2.6,38.4
0.6,0.4,4.4,0.17,2.9,0.14,1.4,0.24,3.4,0.25,3.7,0.18,5.0,0.13,0.051,1.1,0.17,1.3,0.026000000000000002,1.26075841745036,2.6,1.8,39.2
0.6,0.3,1.8,0.3,1.3,0.19,1.7,0.24,3.5,0.20141702582399434,1.3,0.19,3.4,0.26,0.125,1.8,0.10206172598700287,1.234412425534234,0.071,0.8,1.3,0.6,44.3
0.7,0.5,1.1,0.29,2.3,0.15,1.0,0.18,4.6,0.14,3.5,0.21,3.8,0.3,0.17300000000000001,1.6,0.185,1.5,0.049,1.4,2.4,2.7,39.8
0.5,0.3,2.3,0.2,2.8,0.11,3.7,0.16,1.8,0.24,4.0,0.13,4.5,0.29,0.023,0.5,0.166,0.5,0.057,1.4,2.7,2.9,21.2
0.9,0.4,1.4,0.24,1.9,0.27,4.6,0.22,3.6,0.13,4.1,0.28,4.9,0.15,0.005,0.5,0.121,1.7,0.031,1.5,0.7,1.5,3.4
0.9,0.3,1.2,0.20428286451665045,4.4,0.3,1.5,0.25,3.8,0.12,4.2,0.15,4.5,0.25,0.129,0.7,0.10099999999999999,1.9,0.086,1.1,2.1,1.5787980729882864,18.6
0.7,0.2,3.5,0.24,1.6,0.19,4.1,0.23,4.5,0.11,3.3,0.24,1.6,0.12,0.125,1.2,0.018000000000000002,1.4,0.006999999999999999,1.3,0.2,2.6,37.6
0.5,0.4,1.6,0.15,3.4,0.23,2.5,0.23,3.3,0.23,4.4,0.15,4.4,0.29,0.158,1.4,0.192,1.2,0.073,1.7,1.4,1.1,35.8
0.6,0.3,4.0,0.18,1.5,0.24,3.1,0.22,2.6,0.28,4.7,0.29,3.4,0.12,0.174,0.9,0.12300000000000001,1.6,0.046,1.3,0.9,1.0,40.2
0.6,0.3,3.7,0.21,2.1,0.22,2.9,0.29,2.8,0.24,3.7,0.23,4.6,0.17,0.033,1.4,0.147,1.7,0.07,0.8,2.1,1.3,38.6
0.8,0.2,4.5,0.19,3.7,0.27,1.8,0.2,4.1,0.21,4.7,0.2,1.6,0.22,0.122,1.1,0.131,0.6,0.085,0.7,1.9,2.3,32.1
0.5,0.2,2.4,0.24,3.4,0.14,2.2,0.29,4.6,0.19,4.1,0.20304257197182898,1.3,0.17,0.064,1.2,0.086,1.8,0.085,2.0,2.9,2.1,14.4
0.6,0.4,1.3,0.26,4.4,0.28,1.5,0.19,2.1,0.24,2.9500439762690713,0.12,4.9,0.22,0.055999999999999994,1.1,0.158,0.6,0.092,1.4,2.2,2.8,37.5
0.8,0.4,2.9,0.18,2.9,0.28,4.8,0.15,1.7,0.2,1.7,0.27,4.1,0.28,0.146,1.9,0.175,1.4,0.049,1.2463900753412827,0.4,2.1,43.9
0.8,0.5,2.2,0.22,4.9,0.13,3.1,0.2,1.3,0.16,4.6,0.17,3.1,0.26,0.08199999999999999,1.9,0.113,0.8,0.040999999999999995,1.1,1.5,1.4,28.2
0.7,0.4,2.9,0.19,1.9,0.24,3.8,0.27,1.5,0.11,3.4,0.16,1.2,0.21,0.022000000000000002,1.6,0.171,1.5,0.069,1.5,2.0,1.8,23.4
0.5,0.5,2.4,0.29,3.0,0.14,1.7,0.25,3.2,0.22,3.7,0.16,4.2,0.25,0.037000000000000005,0.6,0.157,0.7,0.031,1.0,2.5,2.0,28.3
0.6,0.5,3.1,0.26,4.6,0.19,4.8,0.14,3.5,0.13,3.8,0.13,4.9,0.3,0.026000000000000002,1.2,0.02,0.7,0.048,1.6,2.2,1.6,21.2
0.8,0.4,2.6,0.13,1.8,0.25,2.6,0.17,4.8,0.21,3.8,0.25,2.5,0.19,0.079,1.1,0.126,1.9,0.006999999999999999,1.3,2.5,1.9,29.1
0.6,0.3,2.9,0.27,1.9,0.28,1.1,0.12,3.8,0.14,1.8,0.22,2.9895294814134017,0.27,0.18100000000000002,1.3,0.11599999999999999,1.4,0.048,0.8,1.0,0.7,34.1
0.8,0.2,4.4,0.16,1.6,0.28,3.7,0.12,4.1,0.29,1.3,0.17,2.3,0.16,0.015,2.0,0.138,0.8,0.018000000000000002,0.8,2.1,0.9,35.8
0.8,0.5,2.9,0.25,4.7,0.11,2.7,0.11,4.2,0.29,1.0,0.24,4.5,0.23,0.179,1.1,0.161,1.6,0.066,0.8,2.1,2.3,21.4
0.6,0.2,3.9,0.21,1.4,0.28,2.2,0.27,3.9,0.22,4.0,0.17,3.7,0.19,0.023,1.8,0.03,1.1,0.086,0.8,1.0,0.5,30.7
0.9,0.3,3.3,0.18,1.2,0.2012970713900969,2.0,0.15,4.4,0.19,1.4,0.26,3.7,0.12,0.062,0.6,0.02,0.9,0.077,1.9,1.8,2.0,31.2
0.5,0.4,3.2,0.25,2.1,0.15,3.9,0.22,1.8,0.14,2.3,0.15,1.8,0.23,0.16699999999999998,1.2700850866161555,0.129,1.3,0.069,1.6,0.2,0.1,27.4
0.6,0.4,1.1,0.25,4.5,0.3,4.4,0.28,1.9,0.1,3.2,0.19,1.1,0.18,0.004,1.1,0.19,0.9,0.002,1.3,3.0,0.3,3.7
0.7,0.4,1.5,0.28,4.4,0.22,2.1,0.12,1.3,0.19,1.4,0.16,4.0,0.3,0.048,1.7,0.027999999999999997,1.7,0.09,1.3,2.9,0.8,28.0
0.6,0.4,1.1,0.23,3.3,0.23,2.5,0.15,2.5,0.13,1.9,0.14,3.2,0.21,0.005,0.7,0.037000000000000005,0.9,0.017,1.3,1.2,2.2,5.4
0.8,0.4,2.1,0.11,1.8,0.22,4.3,0.16,2.4,0.13,3.2,0.18,1.8,0.2,0.157,1.2,0.069,1.3,0.009000000000000001,1.7,1.1,0.8,36.4
0.7,0.4,3.5,0.22,2.8,0.25,1.8,0.24,2.2,0.16,2.5,0.1,2.4,0.23,0.065,1.8,0.158,1.4,0.087,1.0,1.5705659680324244,2.7,37.0
0.9,0.3,4.4,0.16,1.5,0.14,3.5,0.19,2.0,0.3,4.7,0.3,2.985883015953941,0.23,0.076,1.5,0.026000000000000002,1.8,0.061,0.7,2.2,0.7,33.2
0.8,0.3,2.5,0.11,3.0,0.17,3.4,0.2,2.9,0.18,4.4,0.2,4.7,0.15,0.077,0.9,0.04,0.7,0.057,0.7,2.4,1.1,14.2
0.8,0.3,1.2,0.25,4.2,0.11,1.6,0.16,1.7,0.13,1.3,0.26,3.7,0.21,0.168,1.4,0.11,1.6,0.004,0.5,1.7,0.7,34.6
0.8,0.3,1.1,0.12,3.5,0.23,2.3,0.17,1.1,0.27,2.5,0.12,1.8,0.28,0.055,0.5,0.11599999999999999,1.8,0.002,0.8,1.7,0.8,9.5
0.6,0.4,1.6,0.28,2.6,0.15,1.7,0.27,2.2,0.28,1.2,0.16,2.5,0.21,0.071,1.6,0.195,1.4,0.064,2.0,1.8,2.3,33.2
0.7,0.4,4.3,0.18,4.9,0.14,3.7,0.11,4.9,0.29,3.8,0.12,4.3,0.27,0.10400000000000001,1.1,0.184,0.8,0.062,1.2,0.2,0.4,43.1
0.8,0.3,1.8,0.29,1.3,0.15,2.9288053125869897,0.27,4.8,0.25,4.2,0.26,1.8,0.24,0.09699999999999999,1.8,0.019,0.8,0.027000000000000003,1.2,2.2,0.2,39.7
0.6,0.3,3.4,0.23,2.6,0.13,1.9,0.19,1.7,0.23,2.7,0.14,2.4,0.3,0.11900000000000001,1.7,0.18899999999999997,1.204467581333669,0.051,1.2,0.7,1.3,32.3
0.7,0.3,4.8,0.11,1.3,0.27,2.2,0.26,3.5,0.24,2.9,0.16,4.4,0.2,0.121,0.6,0.10316829092069948,1.6,0.008,1.5,0.8,2.7,34.9
0.9,0.3,4.1,0.19,3.3,0.23,2.8,0.16,4.8,0.16,4.5,0.15,2.9,0.13,0.042,1.4,0.096,1.2,0.033,0.6,1.571275419400795,0.6,25.2
0.5,0.3,3.8,0.25,1.4,0.23,3.5,0.14,4.4,0.12,2.4,0.19,2.5,0.27,0.003,1.9,0.17800000000000002,0.6,0.094,1.4,1.1,0.5,38.6
0.8,0.3,3.3,0.11,1.1,0.24,2.928481768493653,0.19,4.2,0.24,3.9,0.12,3.0,0.12,0.022000000000000002,1.1,0.11699999999999999,1.4,0.037000000000000005,0.9,0.2,0.8,25.7
0.6,0.2,4.3,0.23,3.5,0.13,4.3,0.27,2.5,0.16,3.6,0.26,1.1,0.22,0.07,1.9,0.152,1.9,0.096,1.6,2.5,2.4,24.5
0.6,0.3,3.9,0.12,4.6,0.24,3.6,0.21,4.4,0.23,2.8,0.28,4.9,0.19,0.027000000000000003,0.6,0.069,1.4,0.043,2.0,0.6,3.0,31.9
0.9,0.3,3.7,0.19,4.5,0.2,1.4,0.23,3.1,0.25,1.8,0.22,1.5,0.16,0.028999999999999998,0.7,0.066,0.8,0.002,1.5,0.9,1.7,9.0
0.5,0.5,1.5,0.11,4.2,0.19,4.4,0.22,1.3,0.23,4.7,0.11,1.3,0.11,0.142,1.3,0.12300000000000001,1.6,0.047,2.0,3.0,0.6,27.5
0.8,0.5,3.0,0.22,2.9,0.22,3.1,0.22,4.1,0.22,2.9,0.17,3.9,0.1,0.175,0.7,0.142,1.2,0.013999999999999999,1.6,3.0,2.6,41.9
0.8,0.4,3.5,0.14,3.8,0.16,3.0,0.17,4.2,0.27,5.0,0.21,3.2,0.16,0.106,0.8,0.07,1.9,0.094,1.4,1.1,0.6,24.4
0.9,0.3,1.1,0.16,1.1,0.17,3.9,0.18,2.6,0.25,2.6,0.20153020681416267,3.6,0.3,0.01,2.0,0.11900000000000001,1.0,0.08,1.2,2.8,1.7,3.1
0.8,0.4,4.3,0.29,1.6,0.20096962301874938,2.0,0.25,4.0,0.22,1.8,0.21,4.3,0.29,0.07,0.6,0.172,0.6,0.02,1.8,0.7,0.2,26.8
0.6,0.3,1.4,0.11,3.0,0.17,1.7,0.28,1.4,0.24,4.1,0.19,2.2,0.12,0.165,1.6,0.013000000000000001,0.7,0.073,1.8,2.7,2.2,32.3
0.7,0.4,2.9,0.27,1.0,0.14,4.9,0.18,2.1,0.16,3.7,0.19,1.8,0.18,0.147,0.8,0.019,1.8,0.053,1.0,1.1,2.1,36.1
0.8,0.4,1.3,0.24,4.1,0.24,1.5,0.16,4.3,0.11,2.4,0.1,3.9,0.17,0.01,1.9,0.14800000000000002,1.4,0.069,1.3,0.3,2.4,24.9
0.5,0.4,4.3,0.28,4.0,0.23,2.9280021301506918,0.2,2.2,0.15,2.0,0.22,3.5,0.26,0.079,1.8,0.124,1.2,0.091,1.6,1.4,2.7,33.9
0.8,0.4,4.3,0.22,1.3,0.15,4.4,0.2,2.1,0.29,1.8,0.17,4.4,0.17,0.006999999999999999,1.8,0.055999999999999994,1.1,0.075,0.5,2.4,1.2,35.0
0.8,0.3,3.8,0.19932700306046,3.8,0.24,3.9,0.16,1.2,0.19,2.2,0.28,2.6,0.18,0.14400000000000002,1.7,0.021,0.9,0.077,1.9,1.4,3.0,40.7
0.6,0.4,3.6,0.15,2.3,0.22,2.9,0.26,3.7,0.22,4.8,0.26,4.1,0.29,0.168,0.8,0.075,0.8,0.096,2.0,0.8,2.7,43.6
0.7,0.3,2.7,0.18,3.8,0.21,3.5,0.1,2.9,0.21,2.1,0.11,4.9,0.29,0.040999999999999995,0.6,0.18,1.3,0.07400000000000001,1.6,0.5,0.4,33.1
0.5,0.5,3.3,0.26,2.0,0.13,1.7,0.18,5.0,0.25,4.7,0.19,1.5,0.19,0.043,1.1,0.10300000000000001,0.5,0.022000000000000002,1.7,2.0,2.0,13.4
0.8,0.2,4.4,0.15,4.9,0.15,1.7,0.27,3.0,0.17,2.6,0.1,4.5,0.29,0.156,0.7,0.11900000000000001,1.9,0.03,1.4,0.8,1.0,19.7
0.8,0.2,3.3,0.19,1.0,0.2,4.1,0.28,1.1,0.18,1.6,0.2,2.8,0.12,0.156,0.7,0.012,0.7,0.059000000000000004,0.9,1.8,0.5,33.0
0.5,0.3,3.030497845894942,0.13,3.3,0.15,1.6,0.28,3.3,0.28,3.5,0.12,2.6,0.28,0.034,1.5,0.012,0.8,0.015,1.3,0.8,2.2,27.1
0.6,0.3,1.9,0.17,4.4,0.24,2.1,0.27,1.8,0.29,4.1,0.14,3.9,0.21,0.18899999999999997,1.9,0.12300000000000001,1.3,0.055999999999999994,0.9,0.9,0.2,42.8
0.6,0.5,3.7,0.12,2.9,0.15,3.6,0.15,1.8,0.2,2.0,0.20036124595703325,3.9,0.19,0.006999999999999999,1.7,0.036000000000000004,0.9,0.064,1.3,1.3,1.4,29.1
0.8,0.3,1.7,0.26,1.2,0.12,2.6,0.17,1.7,0.16,3.9,0.23,4.7,0.1,0.032,1.5,0.198,0.7,0.022000000000000002,1.6,2.4,1.1,26.0
0.5,0.4,3.3,0.27,1.8,0.26,4.8,0.12,1.1,0.15,4.2,0.13,4.8,0.2,0.031,1.7,0.16899999999999998,1.3,0.046,0.8,1.5,2.2,36.4
0.7,0.4,1.7,0.29,2.1,0.15,2.4,0.13,3.4,0.19,2.991525378750895,0.26,4.2,0.28,0.002,1.7,0.083,1.5,0.07400000000000001,0.5,2.5,3.0,2.4
0.5,0.2,3.002569084366029,0.18,4.3,0.12,4.7,0.23,2.2,0.16,2.3,0.25,4.1,0.23,0.10800000000000001,0.6,0.013000000000000001,1.4,0.096,2.0,2.8,2.5,34.9
0.7,0.5,5.0,0.20028136839775013,3.5,0.24,2.9,0.16,4.2,0.2,4.8,0.15,1.9,0.16,0.198,1.8,0.12,1.9,0.032,1.8,0.3,0.5,28.5
0.9,0.5,3.014412294238133,0.29,1.5,0.28,1.7,0.17,1.9,0.11,4.5,0.22,1.1,0.15,0.149,0.8,0.037000000000000005,1.1,0.019,1.2,2.6,1.1,19.8
0.8,0.5,3.9,0.17,2.1,0.16,4.2,0.13,2.1,0.14,1.6,0.17,3.4,0.28,0.002,2.0,0.139,1.9,0.031,1.0,0.8,3.0,27.0
0.7,0.5,1.2,0.12,3.3,0.25,4.9,0.18,1.7,0.13,4.7,0.21,4.6,0.24,0.009000000000000001,0.6,0.183,1.9,0.08900000000000001,0.9,0.5,2.7,2.3
0.7,0.2,4.2,0.18,4.8,0.1,3.9,0.28,3.096349098620629,0.24,4.8,0.19,3.2,0.12,0.152,1.6,0.191,1.8,0.024,1.1,2.4,1.9,26.7
0.8,0.3,1.5,0.18,1.2,0.23,1.4,0.29,1.3,0.18,4.9,0.17,1.3,0.15,0.01,1.1,0.166,1.7,0.028999999999999998,1.7,1.6,3.0,4.0
0.5,0.3,2.6,0.18,1.8,0.21,1.2,0.12,1.5,0.11,3.3,0.15,1.9,0.14,0.052000000000000005,0.8,0.09699999999999999,1.0,0.047,0.8,2.7,1.7,28.1
0.8,0.3,1.5,0.25,4.0,0.16,1.1,0.17,2.9,0.16,4.6,0.28,2.6,0.14,0.019,2.0,0.012,1.5,0.07,0.9,1.9,0.7,13.0
0.5,0.2,2.4,0.13,2.5,0.3,1.5,0.26,4.2,0.12,4.6,0.14,1.6,0.24,0.177,0.9,0.053,0.6,0.044000000000000004,0.6,1.2,1.7,28.3
0.7,0.3,3.0294210337496263,0.26,3.5,0.21,4.3,0.24,3.9,0.17,4.0,0.3,3.8,0.17,0.193,1.9,0.127,1.8,0.05,1.3,2.5,1.6,42.2
0.7,0.3,2.1,0.17,4.2,0.2,3.7,0.2,1.2,0.25,2.6,0.29,2.4,0.2,0.073,0.7,0.134,0.6,0.021,1.9,1.0,1.4,27.0
0.6,0.4,4.3,0.3,3.3,0.27,3.5,0.3,3.8,0.18,4.2,0.28,4.3,0.23,0.109,0.9,0.16699999999999998,0.9,0.011000000000000001,1.2,1.3,1.5804285301242642,33.0
0.7,0.2,3.0,0.23,1.6,0.21,3.4,0.13,3.0,0.17,2.6,0.19,3.2,0.27,0.10800000000000001,1.6,0.08800000000000001,0.7,0.063,0.8,0.6,1.6,35.2
0.7,0.2,4.0,0.27,2.5,0.27,1.7,0.23,3.0,0.29,1.0,0.24,2.2,0.22,0.11900000000000001,1.6,0.191,1.9,0.087,1.2,0.3,0.3,45.7
0.8,0.4,4.5,0.17,1.7,0.13,3.1,0.23,1.5,0.14,1.2,0.16,2.8,0.25,0.087,0.8,0.151,1.1,0.091,1.9,1.8,0.3,22.7
0.8,0.2,4.6,0.23,3.0,0.2011596919224537,3.6,0.17,4.3,0.12,4.4,0.26,1.6,0.28,0.106,1.0,0.184,1.7,0.055999999999999994,0.7,2.4,1.9,32.1
0.6,0.3,3.8,0.2,1.5,0.14,3.4,0.22,4.7,0.21,2.9,0.24,3.2,0.1,0.084,1.7,0.10303602626805108,1.4,0.048,1.5,1.0,3.0,34.8
0.9,0.3,2.4,0.17,3.4,0.24,4.1,0.14,3.7,0.17,4.2,0.25,2.1,0.11,0.10800000000000001,1.1,0.061,1.2731775874090947,0.086,1.8,1.3,0.5,27.9
0.7,0.5,2.8,0.20076930164429127,5.0,0.14,2.3,0.2,4.6,0.29,1.4,0.2,1.8,0.29,0.125,1.9,0.141,0.5,0.061,1.9,0.4,0.8,26.5
0.5,0.4,2.0,0.1,4.1,0.21,4.9,0.28,4.9,0.14,1.7,0.17,1.3,0.12,0.017,1.7,0.14400000000000002,1.4,0.027000000000000003,1.8,2.6,1.3,26.3
0.8,0.3,1.8,0.19,1.6,0.26,2.9282322832401615,0.28,2.2,0.21,1.6,0.29,4.3,0.25,0.038,0.9,0.165,1.2,0.054000000000000006,1.1,0.6,1.9,42.9
0.5,0.4,2.8,0.15,2.3,0.17,3.8,0.23,3.7,0.25,2.4,0.24,2.9,0.26,0.034,1.4,0.046,1.3,0.09,1.7,1.3,2.8,34.5
0.7,0.3,4.6,0.14,2.7,0.25,4.7,0.27,1.5,0.3,3.1,0.27,3.9,0.18,0.192,1.0,0.068,0.5,0.042,1.8,0.6,0.6,28.4
0.7,0.4,4.1,0.28,2.950062297629707,0.17,3.3,0.16,3.4,0.23,4.8,0.13,4.6,0.16,0.18,1.7,0.022000000000000002,1.1,0.024,1.9,0.2,0.8,35.9
0.6,0.3,2.9,0.24,1.1,0.22,4.3,0.12,4.3,0.24,4.8,0.2,4.4,0.23,0.18,1.4,0.03,1.6,0.023,1.4,1.9,2.6,37.1
0.6,0.5,2.4,0.11,1.5,0.13,3.9,0.17,1.2,0.23,1.1,0.3,4.2,0.20483001454993302,0.14,1.1,0.062,1.6,0.07,1.8,1.1,1.577766716402731,35.2
0.6,0.3,3.1,0.26,2.0,0.26,1.7,0.25,3.8,0.11,2.6,0.19,5.0,0.12,0.183,2.0,0.069,1.7,0.063,1.1,3.0,0.1,35.2
0.8,0.4,1.2,0.22,4.3,0.24,2.7,0.22,2.1,0.27,4.1,0.17,2.6,0.13,0.19399999999999998,1.4,0.009000000000000001,2.0,0.08,1.5,2.5,0.5,35.0
0.8,0.4,1.8,0.13,4.0,0.28,3.7,0.16,3.0,0.13,2.5,0.17,1.7,0.2,0.18600000000000003,1.8,0.1,0.7,0.042,1.7,1.0,0.1,38.3
0.8,0.4,1.5,0.29,4.6,0.18,4.5,0.13,3.5,0.22,4.8,0.29,3.1,0.2,0.07200000000000001,1.3,0.11800000000000001,1.3,0.076,1.0,2.7,0.3,28.4
0.5,0.4,2.2,0.14,4.2,0.15,2.2,0.2,1.6,0.29,4.2,0.24,2.4,0.3,0.075,1.7,0.146,1.6,0.055999999999999994,1.8,1.3,2.5,30.7
0.5,0.4,1.4,0.2,1.6,0.19,2.927872429716213,0.19,4.6,0.19,2.7,0.28,4.7,0.23,0.05,1.1,0.126,1.7,0.033,1.251002916185411,2.1,2.0,36.7
0.5,0.5,4.0,0.29,2.2,0.15,3.6,0.21,4.3,0.15,3.5,0.21,2.9884918254428956,0.14,0.018000000000000002,1.1,0.094,1.6,0.011000000000000001,1.2533466667256916,2.8,2.2,31.5
0.7,0.3,4.8,0.19,1.0,0.16,4.6,0.12,3.5,0.25,3.4,0.18,4.1,0.24,0.064,0.6,0.08199999999999999,1.6,0.01,0.6,3.0,1.9,36.1
0.5,0.2,2.9,0.27,2.9,0.2,3.2,0.12,2.5,0.2,2.0,0.11,4.2,0.27,0.09793023804760458,1.4,0.184,0.5,0.002,1.2552658855753864,2.5,2.6,37.3
0.7,0.2,1.3,0.19,2.0,0.23,4.2,0.17,1.9,0.26,2.8,0.21,4.5,0.13,0.172,1.7,0.102,0.7,0.063,1.4,2.8,0.3,41.3
0.5,0.3,4.6,0.25,2.3,0.28,2.7,0.2,2.2,0.25,4.2,0.23,4.0,0.19,0.131,0.7,0.19899999999999998,0.6,0.09300000000000001,1.3,0.4,1.9,38.3
0.5,0.4,2.7,0.23,3.9,0.13,4.8,0.14,1.8,0.23,4.5,0.18,3.4,0.23,0.04,1.9,0.055,0.5,0.069,1.8,2.3,2.3,28.0
0.8,0.4,4.1,0.13,2.2,0.28,1.2,0.13,4.4,0.27,2.8,0.15,2.989413159940805,0.14,0.057999999999999996,2.0,0.10232581187273365,0.6,0.009000000000000001,1.2,1.2,2.3,40.4
0.5,0.5,1.7,0.16,4.5,0.2,2.9,0.24,3.6,0.15,4.2,0.2,2.8,0.12,0.11199999999999999,0.7,0.17,1.9,0.08,0.5,1.9,1.0,25.0
0.7,0.4,3.2,0.21,2.4,0.12,3.5,0.2,3.5,0.28,4.3,0.20393305356246014,3.0,0.24,0.099,0.8,0.128,1.2665181879683565,0.008,1.2,1.5726359080090992,2.3,27.5
0.8,0.3,3.3,0.21,2.5,0.19,2.1,0.18,2.5,0.23,1.5,0.1,4.4,0.14,0.10098008756666058,1.8,0.044000000000000004,0.8,0.05,1.1,0.5,1.0,35.6
0.9,0.4,3.9,0.22,1.4,0.15,4.4,0.18,4.2,0.17,4.3,0.15,3.5,0.25,0.061,1.5,0.09,1.0,0.053,0.7,1.1,1.8,28.5
0.5,0.3,3.6,0.12,1.7,0.14,1.6,0.24,4.7,0.15,4.2,0.21,2.7,0.25,0.009000000000000001,1.6,0.171,0.6,0.036000000000000004,1.9,2.0,2.6,24.1
0.7,0.3,1.7,0.17,2.3,0.17,2.3,0.14,4.6,0.27,4.9,0.27,3.9,0.13,0.094,1.6,0.174,1.0,0.083,1.2,0.7,3.0,37.5
0.8,0.2,4.1,0.17,1.2,0.16,2.6,0.22,4.0,0.24,1.4,0.21,4.7,0.16,0.11699999999999999,1.5,0.131,0.8,0.057999999999999996,1.4,0.5,2.5,32.2
0.7,0.4,3.7,0.14,1.1,0.24,2.2,0.28,1.5,0.28,1.7,0.3,1.9,0.20787053196561175,0.182,1.3,0.115,1.5,0.039,1.6,1.6,1.5753659819736705,29.1
0.8,0.4,4.7,0.24,3.7,0.26,3.3,0.21,3.7,0.13,4.1,0.12,1.0,0.12,0.126,1.1,0.006999999999999999,0.9,0.049,1.5,2.4,1.3,26.9
0.6,0.2,4.0,0.23,2.4,0.13,1.4,0.1,2.3,0.26,1.1,0.25,3.2,0.24,0.12,0.8,0.04,1.5,0.078,0.6,1.7,1.2,33.3
0.6,0.4,4.7,0.26,1.6,0.2,2.0,0.23,3.0,0.23,4.8,0.15,2.8,0.12,0.094,1.8,0.135,1.3,0.001,0.9,1.5684100300830288,0.6,27.6
0.7,0.2,1.4,0.26,1.6,0.22,2.3,0.25,4.4,0.17,2.3,0.17,3.1,0.25,0.038,1.5,0.175,1.9,0.046,1.2,0.5,2.1,37.7
0.7,0.4,3.8,0.16,2.4,0.12,4.1,0.19,3.6,0.27,4.3,0.23,4.3,0.15,0.159,1.9,0.069,2.0,0.054000000000000006,1.1,0.8,1.7,42.4
0.7,0.5,2.6,0.19,5.0,0.3,4.8,0.13,1.8,0.16,2.2,0.26,1.1,0.13,0.006999999999999999,0.7,0.14,1.4,0.091,0.7,1.0,2.2,2.8
0.6,0.3,4.4,0.17,1.0,0.14,3.1,0.27,2.5,0.14,2.5,0.29,4.0,0.2,0.048,1.0,0.172,1.1,0.063,0.6,1.0,1.9,31.4
0.7,0.4,1.8,0.17,1.4,0.24,4.3,0.14,4.8,0.13,1.9,0.25,3.7,0.1,0.099,1.1,0.11699999999999999,1.9,0.011000000000000001,1.3,2.3,2.0,29.7
0.8,0.5,2.1,0.2,1.8,0.28,2.7,0.25,1.7,0.1,3.0,0.13,4.3,0.25,0.011000000000000001,1.6,0.034,1.1,0.08199999999999999,0.6,1.3,0.2,26.5
0.8,0.4,3.5,0.18,2.9,0.11,1.8,0.2,4.8,0.24,2.1,0.17,4.2,0.12,0.09699999999999999,1.7,0.19399999999999998,1.7,0.062,1.8,2.3,2.0,43.9
0.7,0.3,3.6,0.21,4.3,0.23,2.4,0.24,1.8,0.29,3.9,0.18,3.1,0.13,0.094,0.9,0.10445905463797699,0.8,0.096,1.0,2.7,2.2,16.0
0.7,0.4,1.7,0.27,3.8,0.21,2.3,0.12,1.1,0.29,1.8,0.18,3.1,0.25,0.127,1.0,0.19699999999999998,1.7,0.043,1.6,2.2,0.1,38.3
0.7,0.4,2.1,0.13,3.5,0.13,1.0,0.23,1.6,0.18,1.1,0.21,2.9892280812208027,0.24,0.158,0.5,0.115,0.8,0.040999999999999995,1.5,0.9,1.4,24.2
0.8,0.4,2.2,0.21,2.1,0.22,4.5,0.22,2.9,0.28,4.8,0.18,2.5,0.11,0.193,1.9,0.015,1.9,0.05,0.6,0.4,0.3,38.4
0.6,0.4,3.3,0.29,2.3,0.27,2.5,0.17,2.3,0.15,1.6,0.11,4.2,0.22,0.171,1.9,0.06,0.9,0.033,0.5,2.2,1.9,33.5
0.9,0.3,1.6,0.25,2.8,0.2,4.4,0.17,3.3,0.24,3.5,0.25,4.0,0.11,0.10033151368737162,1.7,0.182,0.9,0.019,0.7,1.5761237694667853,0.1,41.0
0.6,0.3,2.8,0.28,4.5,0.16,2.8,0.17,4.5,0.19,4.0,0.12,4.9,0.25,0.063,1.9,0.15,1.6,0.0,0.6,1.3,1.8,39.2
0.6,0.4,4.3,0.16,3.9,0.12,4.8,0.28,1.1,0.25,4.5,0.26,4.1,0.23,0.122,1.2,0.171,1.8,0.048,1.4,2.0,0.9,38.6
0.6,0.5,3.7,0.26,1.1,0.16,2.6,0.28,2.3,0.19,2.8,0.22,4.6,0.28,0.149,0.6,0.185,0.6,0.037000000000000005,2.0,2.9,2.3,31.1
0.7,0.3,4.5,0.11,1.8,0.27,4.5,0.27,2.4,0.28,4.6,0.11,4.1,0.13,0.065,1.2,0.125,1.4,0.021,0.5,0.3,0.9,39.1
0.8,0.3,4.0,0.21,1.7,0.19,2.4,0.12,4.5,0.22,3.0591307857664294,0.12,4.5,0.11,0.006999999999999999,1.6,0.12,1.8,0.042,2.0,2.4,1.4,41.0
0.5,0.3,2.7,0.24,4.4,0.22,4.8,0.17,3.3,0.29,4.1,0.16,3.7,0.2,0.134,1.7,0.185,1.1,0.045,1.4,1.0,2.2,37.0
0.8,0.3,3.5,0.21,3.2,0.13,3.2,0.21,2.7,0.28,1.8,0.2,2.9,0.21,0.073,1.6,0.09699999999999999,0.5,0.087,1.0,2.6,1.7,23.3
0.8,0.5,1.9,0.14,1.6,0.26,4.3,0.29,4.1,0.25,3.8,0.25,1.2,0.25,0.163,1.2,0.055,1.1,0.022000000000000002,1.1,2.0,0.7,37.9
0.8,0.3,3.9,0.29,4.8,0.18,3.6,0.11,4.4,0.21,1.0,0.14,2.0,0.12,0.086,0.5,0.17300000000000001,0.5,0.096,1.9,2.8,2.2,24.6
0.6,0.3,2.2,0.15,1.2,0.22,4.9,0.1986836253413163,4.3,0.26,3.4,0.2,3.4,0.15,0.012,1.8,0.152,1.3,0.068,1.0,1.4,0.4,36.5
0.7,0.5,2.2,0.1,1.0,0.17,3.6,0.19,3.6,0.2,4.7,0.25,3.9,0.11,0.18100000000000002,0.6,0.038,0.7,0.084,1.2,2.7,0.9,25.9
0.5,0.5,3.7,0.23,1.2,0.20115726728245895,1.8,0.1,3.7,0.24,1.0,0.12,4.3,0.22,0.196,0.9,0.159,1.8,0.061,0.7,1.4,1.3,38.6
0.8,0.5,2.2,0.12,3.9,0.17,4.7,0.12,1.4,0.16,1.9,0.16,3.1,0.28,0.08,1.3,0.045,1.4,0.069,1.2,2.9,2.1,27.2
0.9,0.4,4.5,0.18,1.6,0.26,4.6,0.2,2.8,0.25,3.3,0.26,3.8,0.25,0.05,1.4,0.012,1.2,0.083,1.4,2.8,1.4,26.8
0.9,0.2,1.3,0.17,2.3,0.28,4.7,0.18,4.9,0.15,2.2,0.24,3.6,0.15,0.2,1.3,0.016,0.8,0.040999999999999995,1.7,0.2,1.8,41.8
0.7,0.3,4.1,0.19,3.2,0.3,3.0,0.17,4.7,0.29,2.4,0.22,2.5,0.22,0.166,1.0,0.046,1.2,0.052663925218491864,1.0,2.2,1.6,40.8
0.8,0.4,4.0,0.18,3.2,0.17,4.1,0.3,1.9,0.26,4.3,0.27,1.5,0.15,0.101979273740145,1.1,0.087,1.0,0.09300000000000001,1.8,2.0,2.9,22.2
0.6,0.4,2.4,0.19,3.3,0.19,2.1,0.23,2.0,0.26,2.0,0.23,2.9,0.29,0.11900000000000001,1.7,0.19399999999999998,1.0,0.065,1.2,2.2,0.2,43.0
0.8,0.4,3.4,0.21,3.2,0.2,3.1,0.11,1.0,0.3,3.2,0.25,3.5,0.22,0.08199999999999999,1.3,0.064,1.9,0.031,0.7,0.5,2.4,28.0
0.8,0.3,4.2,0.16,3.4,0.23,2.9,0.3,2.7,0.23,2.2,0.26,2.5,0.21,0.086,1.3,0.2,1.3,0.07200000000000001,1.2541270404563747,1.5,1.2,41.6
0.7,0.5,4.9,0.15,1.7,0.21,3.2,0.15,1.4,0.25,3.0,0.14,2.2,0.11,0.15,0.8,0.145,1.5,0.027000000000000003,0.6,2.0,2.8,40.8
0.6,0.4,4.4,0.17,3.3,0.19849229920677572,3.1,0.23,2.7,0.28,5.0,0.14,2.8,0.11,0.146,1.9,0.045,1.8,0.042,1.1,2.0,2.5,33.9
0.9,0.5,2.3,0.12,1.1,0.13,1.8,0.22,2.9,0.21,4.5,0.25,4.4,0.3,0.121,0.7,0.08800000000000001,2.0,0.025,1.8,2.4,2.9,26.4
0.9,0.5,4.8,0.21,4.8,0.18,4.8,0.14,1.8,0.2,1.0,0.13,5.0,0.18,0.114,1.8,0.18600000000000003,0.9,0.077,0.7,2.0,2.5,27.8
0.9,0.2,4.4,0.15,4.6,0.21,1.3,0.27,4.6,0.25,2.7,0.23,1.7,0.27,0.087,1.4,0.113,1.8,0.077,1.1,2.4,2.4,14.5
0.6,0.5,2.3,0.19,5.0,0.21,1.0,0.14,1.8,0.22,3.4,0.19,1.4,0.2,0.19399999999999998,0.8,0.067,0.8,0.057999999999999996,1.4,0.9,0.2,30.2
0.6,0.3,2.7,0.18,1.9,0.15,3.0,0.15,3.1,0.23,3.2,0.19,2.2,0.22,0.171,2.0,0.085,1.4,0.069,0.6,1.7,0.6,43.3
0.8,0.2,1.9,0.11,1.2,0.22,3.3,0.24,2.2,0.22,3.5,0.18,1.4,0.16,0.185,0.7,0.14800000000000002,0.6,0.018000000000000002,1.3,1.7,2.2,34.4
0.9,0.3,4.1,0.15,1.4,0.17,1.1,0.25,1.5,0.25,2.7,0.3,2.7,0.23,0.10435469525048946,1.9,0.027000000000000003,1.6,0.067,1.8,0.6,0.4,39.1
0.8,0.2,5.0,0.26,2.5,0.28,2.0,0.1,4.4,0.16,3.8,0.29,3.2,0.17,0.12,0.9,0.174,1.4,0.079,1.2,0.5,1.6,41.6
0.5,0.3,2.6,0.19,1.4,0.11,1.6,0.21,5.0,0.17,3.6,0.26,3.7,0.23,0.196,0.8,0.129,1.3,0.02,0.6,0.7,2.0,39.2
0.6,0.3,2.3,0.15,5.0,0.21,1.0,0.21,4.6,0.18,2.1,0.26,1.1,0.27,0.122,1.4,0.043,0.9,0.05,0.6,0.6,0.4,21.8
0.6,0.3,3.6,0.25,2.9,0.24,1.0,0.28,4.5,0.13,4.8,0.12,1.8,0.19,0.193,0.6,0.075,1.0,0.008,1.3,0.3,2.0,33.2
0.8,0.3,2.3,0.11,1.1,0.23,3.0,0.13,2.6,0.15,1.6,0.29,3.3,0.15,0.12,1.9,0.12300000000000001,0.5,0.047,1.1,2.5,0.8,42.1
0.7,0.2,5.0,0.25,4.3,0.13,4.9,0.26,3.7,0.15,4.1,0.16,2.4,0.24,0.10400000000000001,0.6,0.001,1.5,0.006,0.9,0.6,3.0,15.8
0.8,0.2,1.1,0.23,4.0,0.25,2.2,0.11,2.6,0.23,1.5,0.14,1.9,0.22,0.081,0.6,0.0,0.6,0.045,0.6,0.2,1.7,31.8
0.5,0.3,2.2,0.2,4.8,0.22,1.2,0.16,4.4,0.17,3.2,0.16,5.0,0.16,0.184,0.7,0.057999999999999996,1.4,0.027999999999999997,1.8,0.2,3.0,31.2
0.9,0.2,3.4,0.22,3.1,0.19,3.1,0.14,3.7,0.26,2.9,0.26,3.2,0.14,0.133,0.5,0.138,0.7,0.066,1.3,0.1,2.1,35.5
0.8,0.4,2.0,0.17,4.0,0.22,4.7,0.13,3.3,0.29,1.7,0.13,1.8,0.27,0.067,1.2,0.133,1.9,0.095,1.3,2.9,2.0,35.8
0.7,0.4,4.8,0.1,3.0,0.24,3.8,0.13,3.2,0.22,2.1,0.24,4.1,0.17,0.15,1.9,0.191,0.9,0.09300000000000001,0.7,2.9,1.1,38.5
0.6,0.3,2.6,0.19,3.2,0.2,3.8,0.27,1.7,0.2,3.1,0.27,1.8,0.19,0.16699999999999998,0.7,0.124,1.9,0.005,0.7,1.2,0.3,28.0
0.9,0.3,3.9,0.21,3.6,0.13,3.2,0.14,3.7,0.18,4.5,0.13,3.0,0.14,0.004,1.5,0.17,1.2779683740388275,0.1,1.9,0.8,0.2,3.3
0.7,0.4,3.6,0.27,4.2,0.18,1.2,0.2,4.4,0.21,2.3,0.28,1.5,0.26,0.005,0.8,0.049,0.7,0.019,1.0,2.3,1.6,5.5
0.8,0.2,3.3,0.25,2.6,0.29,2.2,0.28,3.2,0.26,4.7,0.29,3.8,0.21,0.032,0.6,0.027000000000000003,1.1,0.034,1.2,1.5712418899500562,1.3,25.9
0.7,0.5,3.5,0.26,1.5,0.14,2.8,0.24,1.4,0.19932287152685818,1.3,0.22,1.2,0.24,0.051,0.6,0.045,1.6,0.099,1.5,1.7,2.0,26.1
0.7,0.2,4.6,0.17,2.1,0.16,4.5,0.12,4.9,0.2,2.7,0.2,1.2,0.28,0.158,1.4,0.155,0.9,0.09300000000000001,0.8,0.3,1.3,18.0
0.8,0.3,3.1,0.25,4.3,0.25,2.1,0.25,4.6,0.25,4.5,0.14,2.0,0.18,0.09699999999999999,1.1,0.071,1.9,0.031,1.5,0.6,0.1,34.2
0.7,0.2,1.7,0.11,2.1,0.28,3.5,0.13,4.8,0.11,1.0,0.3,1.8,0.17,0.122,0.8,0.195,1.2,0.001,1.5,1.4,1.1,39.6
0.5,0.2,2.5,0.25,2.9,0.25,2.1,0.16,4.8,0.12,3.6,0.24,1.6,0.17,0.179,0.5,0.037000000000000005,0.8,0.055999999999999994,0.6,2.4,2.3,31.7
0.6,0.3,4.8,0.2,3.4,0.24,2.8,0.25,2.9,0.29,3.4,0.29,3.3,0.1,0.046,1.7,0.172,0.8,0.069,0.8,2.5,2.8,39.9
0.6,0.3,1.2,0.23,4.9,0.2,3.2,0.12,2.8,0.3,2.9,0.29,1.8,0.14,0.068,1.1,0.18600000000000003,1.5,0.083,1.5,2.7,2.7,22.5
0.5,0.4,2.7,0.17,4.0,0.14,1.8,0.21,2.9,0.17,1.1,0.26,1.1,0.12,0.036000000000000004,1.7,0.115,0.6,0.015,1.7,2.3,1.6,25.8
0.6,0.4,4.2,0.3,2.971957320299998,0.16,1.5,0.15,4.6,0.19,4.7,0.3,1.7,0.15,0.045,1.6,0.012,0.9,0.047,1.8,0.6,1.5769042866595042,34.6
0.5,0.4,2.8,0.1,2.6,0.15,1.1,0.23,3.5,0.17,2.4,0.11,2.1,0.11,0.063,1.8,0.052000000000000005,1.3,0.017,0.9,2.8,1.9,38.0
0.7,0.3,3.020959998210519,0.16,4.9,0.16,3.1,0.24,1.6,0.28,5.0,0.24,1.6,0.21,0.122,2.0,0.193,1.2,0.09699999999999999,1.8,0.8,1.5,38.6
0.6,0.4,1.3,0.29,3.5,0.13,4.3,0.26,2.1,0.18,3.3,0.19,2.6,0.2,0.09300000000000001,1.268412364908494,0.095,2.0,0.096,0.8,0.3,0.5,37.7
0.7,0.4,2.0,0.2,3.8,0.18,4.9,0.29,4.9,0.15,3.9,0.17,3.2,0.24,0.068,1.8,0.187,1.4,0.084,1.9,2.2,2.4,28.1
0.9,0.5,1.4,0.29,1.7,0.12,4.8,0.19,4.8,0.18,4.0,0.3,2.4,0.24,0.098,1.2708623980146625,0.037000000000000005,1.7,0.038,1.5,1.0,2.8,22.8
0.6,0.4,1.1,0.29,4.1,0.16,1.7,0.21,1.8,0.24,3.9,0.2,1.3,0.14,0.131,0.9,0.115,1.1,0.034,0.6,2.4,0.5,28.2
0.6,0.4,3.2,0.27,3.3,0.16,1.4,0.23,4.4,0.22,4.6,0.19,2.5,0.18837319832197744,0.158,1.8,0.13,1.0,0.043,1.8,2.8,0.4,32.6
0.5,0.3,1.2,0.3,3.2,0.25,1.6,0.11,1.7,0.3,2.1,0.17,3.0,0.19,0.188,1.0,0.045,0.8,0.091,1.8,2.8,2.2,35.5
0.5,0.4,2.3,0.29,3.4,0.22,1.7,0.27,2.3,0.11,5.0,0.14,3.5,0.1,0.061,0.9,0.055999999999999994,0.8,0.05,1.1,0.3,1.0,31.8
0.9,0.2,1.3,0.26,1.5,0.29,2.7,0.19,3.9,0.12,1.1,0.3,4.6,0.15,0.054000000000000006,1.7,0.013999999999999999,1.0,0.051,1.6,0.6,2.4,41.8
0.8,0.3,1.3,0.24,2.9,0.25,3.1,0.11,1.1,0.29,1.2,0.26,4.9,0.15,0.049,0.7,0.023,1.1,0.055,0.7,1.5,0.4,24.6
0.7,0.4,2.4,0.25,3.8,0.16,4.8,0.11,2.3,0.27,2.8,0.17,3.1,0.12,0.122,1.0,0.037000000000000005,1.4,0.028999999999999998,1.2,1.9,1.2,38.6
0.9,0.3,4.6,0.23,1.7,0.23,3.5,0.12,2.6,0.14,2.4,0.3,4.0,0.24,0.071,0.8,0.077,1.0,0.09300000000000001,0.5,1.3,2.2,46.0
0.7,0.3,3.9,0.26,4.8,0.18,2.1,0.21,2.1,0.28,4.1,0.25,4.3,0.19,0.12300000000000001,1.9,0.07200000000000001,0.8,0.034,2.0,2.0,1.7,39.0
0.6,0.2,2.1,0.23,4.1,0.18,1.4,0.15,2.1,0.19,4.0,0.23,3.5,0.1,0.152,1.1,0.156,1.7,0.043,0.9,2.4,0.3,33.0
0.7,0.4,2.1,0.24,2.2,0.25,4.1,0.29,1.9,0.29,3.6,0.13,3.6,0.29,0.18899999999999997,1.2,0.027999999999999997,1.2386252598696441,0.069,1.5,2.3,1.0,21.0
0.6,0.3,3.1,0.28,2.8,0.2033832894976497,1.4,0.29,1.6,0.23,1.6,0.22,1.6,0.12,0.184,1.1,0.195,1.0,0.08199999999999999,1.1,0.9,2.0,38.1
0.6,0.3,1.7,0.23,2.1,0.23,1.4,0.12,2.5,0.14,3.3,0.14,3.4,0.11,0.165,1.2,0.062,1.4,0.046,1.3,1.5,1.6,33.0
0.8,0.4,1.0,0.23,3.8,0.17,4.5,0.22,4.7,0.14,1.8,0.21,4.2,0.12,0.035,0.8,0.037000000000000005,0.8,0.073,1.9,2.8,1.7,24.8
0.7,0.4,3.7,0.27,3.8,0.25,3.6,0.22,1.3,0.28,4.6,0.28,1.6,0.14,0.10400000000000001,1.8,0.149,1.8,0.05003200418232274,2.0,0.2,1.7,29.6
0.8,0.2,2.0,0.25,4.6,0.19,3.6,0.11,3.1,0.11,2.8,0.13,5.0,0.25,0.066,2.0,0.027000000000000003,1.8,0.027000000000000003,0.6,2.0,0.7,36.3
0.9,0.2,1.6,0.13,2.0,0.11,1.7,0.11,3.3,0.24,4.1,0.28,2.988277407469063,0.15,0.11800000000000001,1.4,0.154,1.8,0.045,0.9,2.4,2.0,19.1
0.6,0.2,2.2,0.28,2.5,0.25,3.8,0.22,4.8,0.29,2.7,0.29,4.7,0.17,0.02,1.8,0.114,0.9,0.042,1.256741384925768,2.0,3.0,39.9
0.9,0.3,4.5,0.14,4.1,0.19,1.3,0.25,1.8,0.21,3.1,0.14,1.1,0.23,0.005,1.2,0.109,1.4,0.087,1.5,2.4,1.8,3.8
0.7,0.4,3.1,0.24,3.6,0.13,1.7,0.21,2.6,0.21,3.4,0.24,2.5,0.12,0.168,1.3,0.068,0.6,0.07,0.7,1.6,2.0,27.5
0.8,0.3,1.5,0.22,4.6,0.11,1.9,0.14,4.2,0.17,4.1,0.2,4.6,0.25,0.129,0.6,0.006,1.2,0.047,1.1,0.7,1.5790630517601767,34.0
0.8,0.3,2.4,0.16,3.4,0.18,3.7,0.21,1.2,0.14,2.6,0.18,4.0,0.11,0.086,1.3,0.094,1.4,0.099,1.1,1.8,0.4,42.8
0.6,0.4,2.7,0.13,2.8,0.18,1.4,0.29,4.0,0.29,3.1,0.20185225121051395,2.3,0.23,0.057999999999999996,1.2731179610611656,0.16899999999999998,1.6,0.057,0.7,1.1,0.9,37.5
0.7,0.3,2.2,0.14,4.5,0.22,2.9,0.28,4.9,0.14,5.0,0.22,2.8,0.13,0.092,1.6,0.073,1.7,0.013000000000000001,1.9,2.7,0.3,37.2
0.9,0.5,1.8,0.13,3.3,0.15,3.4,0.27,2.6,0.23,4.5,0.26,4.0,0.24,0.08900000000000001,1.4,0.196,1.3,0.08199999999999999,1.9,2.9,1.2,22.4
0.8,0.4,4.7,0.14,2.2,0.19,4.9,0.11,4.0,0.21,2.2,0.20145045841812062,3.0,0.13,0.141,1.6,0.134,1.1,0.047,1.9,2.1,0.8,27.8
0.6,0.2,2.1,0.17,2.6,0.17,3.1,0.29,2.4,0.23,2.7,0.21,1.5,0.23,0.126,1.7,0.048,0.7,0.069,1.5,2.8,1.3,13.4
0.7,0.2,4.0,0.25,1.5,0.15,1.5,0.14,4.4,0.27,4.0,0.26,2.3,0.14,0.057999999999999996,0.8,0.196,1.9,0.033,1.7,1.7,1.5,35.7
0.8,0.4,3.033018162391036,0.22,2.7,0.22,4.1,0.24,4.1,0.17,1.9,0.23,4.2,0.18,0.135,1.7,0.18899999999999997,1.9,0.069,0.8,0.7,1.8,41.6
0.7,0.5,1.9,0.3,1.8,0.15,2.7,0.11,1.2,0.12,1.1,0.26,4.0,0.16,0.038,1.2,0.049,1.1,0.006999999999999999,1.7,2.7,1.0,20.4
0.8,0.3,4.0,0.21,2.5,0.29,4.6,0.27,4.7,0.2,2.9,0.18,2.2,0.1,0.092,1.1,0.043,1.4,0.042,1.5,0.7,2.6,30.3
0.8,0.5,3.9,0.11,2.9,0.18,3.1,0.26,3.0,0.13,4.6,0.18,2.7,0.13,0.083,1.9,0.16699999999999998,0.7,0.044000000000000004,1.8,1.9,0.4,26.3
0.7,0.4,1.1,0.12,3.4,0.3,4.4,0.11,1.6,0.11,3.7,0.11,1.3,0.29,0.04,0.7,0.193,0.6,0.038,1.9,2.3,0.9,8.8
0.8,0.4,2.3,0.22,4.6,0.29,3.9,0.27,2.2,0.22,3.3,0.28,4.4,0.1,0.18899999999999997,1.7,0.011000000000000001,1.2,0.017,1.3,1.8,2.0,35.3
0.6,0.5,3.2,0.17,1.3,0.28,1.2,0.21,1.9,0.16,2.6,0.16,4.4,0.11,0.11,0.7,0.127,1.1,0.084,1.2,2.7,1.7,40.0
0.8,0.3,3.2,0.14,3.2,0.21,1.7,0.19,2.0,0.15,4.9,0.2,1.4,0.11,0.063,1.6,0.006,0.8,0.076,1.8,2.2,2.5,22.8
0.6,0.3,3.1,0.21,2.938615536485916,0.14,3.2,0.3,3.7,0.19519201461164348,3.1,0.18,1.2,0.28,0.126,1.5,0.057,0.7,0.1,1.7,0.8,2.3,31.7
0.9,0.5,3.6,0.14,1.3,0.28,3.9,0.1,2.6,0.19666540502949495,4.0,0.14,1.1,0.19,0.03,1.1,0.09300000000000001,1.3,0.049,0.8,0.4,2.0,20.2
0.5,0.3,2.0,0.27,1.3,0.25,1.8,0.25,3.9,0.14,1.4,0.12,4.4,0.29,0.16399999999999998,1.6,0.032,1.3,0.055,1.0,0.7,0.6,45.8
0.8,0.5,3.0,0.22,1.3,0.15,4.5,0.28,2.7,0.26,4.3,0.21,3.8,0.28,0.079,0.9,0.015,1.6,0.05,1.1,2.2,0.7,37.4
0.8,0.4,3.6,0.27,1.9,0.27,3.4,0.22,2.5,0.28,4.1,0.2,4.6,0.16,0.198,1.9,0.17800000000000002,1.2,0.1,1.3,3.0,2.1,41.8
0.7,0.3,3.5,0.13,4.0,0.2,1.6,0.13,1.8,0.15,2.1,0.13,3.7,0.29,0.066,1.6,0.027000000000000003,1.0,0.004,0.7,1.3,1.5,24.9
0.9,0.5,1.9,0.27,2.6,0.28,1.6,0.12,2.7,0.22,3.9,0.2,3.7,0.12,0.16899999999999998,1.8,0.039,0.9,0.028999999999999998,1.4,2.1,1.4,38.0
0.7,0.4,2.4,0.17,4.6,0.20090372070517096,2.930200927724843,0.24,1.1,0.28,3.2,0.3,3.2,0.1,0.187,0.8,0.2,1.3,0.086,0.5,1.6,3.0,30.4
0.6,0.2,2.2,0.11,5.0,0.14,2.2,0.17,3.0,0.3,2.5,0.11,4.0,0.16,0.045,1.9,0.017,1.5,0.044000000000000004,1.1,1.0,1.9,34.7
0.6,0.2,2.8,0.14,1.3,0.15,2.6,0.17,2.0,0.29,3.4,0.14,3.1,0.25,0.027999999999999997,1.9,0.16699999999999998,1.8,0.057999999999999996,0.8,1.8,2.7,39.4
0.5,0.4,2.3,0.28,5.0,0.29,2.0,0.18,1.2,0.1,1.1,0.17,1.2,0.19,0.125,2.0,0.121,1.1,0.013000000000000001,1.2644949586088936,1.0,2.3,20.2
0.7,0.4,1.7,0.23,3.4,0.2,3.4,0.23,3.1,0.2,2.7,0.3,1.6,0.1,0.139,0.8,0.188,1.5,0.067,1.5,1.1,0.8,33.7
0.5,0.5,2.6,0.16,1.3,0.23,2.930511319204504,0.11,2.9,0.16,4.3,0.29,3.7,0.2,0.14,1.5,0.17300000000000001,0.7,0.073,1.6,0.8,2.9,38.2
0.8,0.2,2.6,0.28,1.7,0.13,4.4,0.28,2.2,0.11,2.7,0.23,4.3,0.1,0.08800000000000001,0.6,0.043,0.7,0.077,1.0,3.0,2.5,23.5
0.8,0.4,1.1,0.24,4.5,0.25,1.1,0.13,4.9,0.15,3.3,0.18,2.2,0.27,0.18600000000000003,1.6,0.054000000000000006,2.0,0.045,1.4,1.3,0.5,30.9
0.6,0.2,3.9,0.14,2.3,0.14,3.3,0.2,4.5,0.2,1.5,0.11,3.0,0.13,0.16,1.7,0.187,0.7,0.039,2.0,0.6,2.5,37.2
0.5,0.3,1.7,0.1998646005863902,1.3,0.18,3.1,0.12,4.3,0.17,3.2,0.25,1.2,0.24,0.198,1.8,0.2,1.9,0.059000000000000004,1.5,2.4,2.4,41.8
0.7,0.3,2.9,0.23,1.3,0.18,3.9,0.15,1.2,0.27,4.0,0.27,4.1,0.27,0.01,0.7,0.021,1.9,0.022000000000000002,1.0,1.1,1.0,20.4
0.5,0.4,1.5,0.2,1.1,0.24,2.9,0.19704762842325166,4.9,0.24,2.5,0.26,1.7,0.25,0.184,1.2,0.065,1.8,0.001,1.0,2.5,2.2,31.1
0.8,0.4,4.7,0.14,4.4,0.21,1.8,0.2,2.7,0.27,2.3,0.25,2.6,0.23,0.09,1.4,0.156,1.2,0.092,1.1,0.1,0.6,40.6
0.6,0.4,1.6,0.20019913587721838,1.1,0.22,4.2,0.19,3.9,0.28,3.3,0.2,1.2,0.23,0.061,1.2,0.0,1.2,0.073,1.2,2.5,1.1,25.4
0.7,0.4,2.6,0.21,2.9,0.25,1.9,0.16,5.0,0.24,3.11793394027735,0.22,2.9,0.21,0.174,1.8,0.035,0.9,0.003,1.2,2.1,2.2,38.0
0.9,0.2,4.4,0.2,1.1,0.19,4.3,0.25,2.3,0.19,4.9,0.11,5.0,0.18,0.062,0.7,0.18899999999999997,2.0,0.036000000000000004,1.0,2.0,1.8,30.3
0.8,0.2,4.6,0.2,4.1,0.24,2.9249253096899652,0.23,4.8,0.25,1.8,0.13,3.8,0.19,0.161,1.6,0.043,1.7,0.01,1.0,1.6,0.4,42.9
0.6,0.5,2.3,0.27,1.9,0.19,1.1,0.25,3.9,0.15,4.0,0.19,4.0,0.1995345285041661,0.111,1.1,0.032,1.0,0.037000000000000005,1.5,1.0,2.3,35.6
0.8,0.3,2.4,0.19,1.9,0.22,1.4,0.28,3.2,0.28,2.4,0.3,3.8,0.2,0.013000000000000001,0.7,0.11699999999999999,1.2323489626167896,0.017,2.0,1.0,1.6,38.3
0.7,0.4,1.2,0.16,4.4,0.21,3.5,0.17,2.0,0.18,3.3,0.23,1.0,0.25,0.075,1.7,0.055999999999999994,1.3,0.034,1.7,0.1,1.1,19.8
0.8,0.2,2.4,0.11,1.9,0.27,3.8,0.19,1.7,0.23,4.9,0.23,1.4,0.29,0.085,1.7,0.19399999999999998,2.0,0.09699999999999999,1.7,1.3,2.6,28.7
0.8,0.5,1.3,0.22,1.6,0.27,3.8,0.17,1.8,0.23,1.2,0.22,1.3,0.2,0.191,0.6,0.086,1.9,0.039,0.6,0.5,0.1,33.9
0.5,0.5,2.6,0.15,2.4,0.12,2.0,0.13,4.1,0.15,1.1,0.25,3.7,0.18,0.042,1.9,0.142,1.8,0.086,1.1,2.5,2.7,33.0
0.7,0.2,4.2,0.28,4.8,0.29,2.9283486169144064,0.24,1.2,0.13,3.128791572350885,0.11,1.9,0.11,0.023,1.9,0.177,0.7,0.087,1.8,0.4,2.1,28.6
0.5,0.4,1.7,0.1,1.6,0.16,3.0,0.25,4.3,0.11,1.0,0.26,1.9,0.20798697597819735,0.022000000000000002,0.5,0.17,1.8,0.08800000000000001,1.3,0.5,1.5736201490742927,32.8
0.6,0.3,2.3,0.21,1.6,0.23,3.4,0.26,4.8,0.1,4.1,0.17,4.5,0.11,0.044000000000000004,1.6,0.06,0.8,0.055999999999999994,1.6,0.3,2.6,41.0
0.8,0.3,3.6,0.29,3.1,0.22,1.2,0.24,2.6,0.19,2.8,0.16,2.8,0.11,0.17600000000000002,1.0,0.001,0.7,0.09699999999999999,1.9,1.5700510651548558,0.8,36.7
0.7,0.4,2.0,0.17,4.8,0.28,2.0,0.25,2.0,0.25,2.4,0.2,2.9870603092500625,0.13,0.039,1.1,0.161,0.8,0.013999999999999999,1.5,1.8,1.0,22.8
0.7,0.5,3.4,0.19,2.7,0.24,3.5,0.21,3.2,0.17,2.5,0.27,1.6,0.28,0.175,0.7,0.182,1.7,0.017,0.5,2.0,2.3,19.9
0.8,0.4,2.4,0.12,3.6,0.3,4.2,0.11,3.9,0.22,4.2,0.16,1.7,0.13,0.13,1.0,0.04,0.9,0.063,1.9,1.1,1.1,39.2
0.6,0.4,1.3,0.23,1.4,0.26,1.9,0.23,4.3,0.3,1.2,0.13,3.8,0.11,0.14,1.1,0.131,0.9,0.025,2.0,1.4,0.8,30.9
0.8,0.2,3.5,0.27,2.0,0.16,3.7,0.26,2.1,0.25,4.4,0.15,1.3,0.28,0.061,1.2,0.158,1.7,0.021,1.7,2.9,2.2,17.9
0.9,0.4,2.9,0.26,3.0,0.25,3.8,0.17,3.4,0.25,1.5,0.27,4.8,0.13,0.147,0.9,0.155,1.7,0.07200000000000001,1.6,2.6,2.6,23.8
0.6,0.2,4.1,0.22,4.7,0.24,4.6,0.12,4.1,0.16,1.2,0.13,2.0,0.11,0.027999999999999997,1.8,0.155,1.3,0.094,1.3,2.9,1.7,36.6
0.7,0.3,1.1,0.14,2.9,0.25,3.5,0.14,1.5,0.24,1.5,0.23,2.8,0.11,0.011000000000000001,1.8,0.099,1.2,0.028999999999999998,1.6,1.7,1.1,28.8
0.8,0.4,4.2,0.22,2.7,0.28,3.8,0.1,1.6,0.28,1.5,0.15,1.4,0.23,0.06,1.0,0.054000000000000006,0.6,0.085,1.2,2.6,0.4,27.6
0.7,0.4,4.2,0.16,3.9,0.14,2.2,0.19,1.6,0.14,3.7,0.11,4.3,0.19,0.17300000000000001,1.8,0.16899999999999998,0.9,0.057,1.1,2.7,0.3,38.3
0.7,0.3,3.0,0.25,4.0,0.27,2.6,0.18,2.6,0.3,1.4,0.29,2.989047445600685,0.23,0.15,1.3,0.126,1.1,0.023,1.7,1.3,1.6,40.5
0.7,0.4,2.1,0.22,1.2,0.20404010043976983,4.3,0.24,1.1,0.18,1.4,0.21,2.5,0.22,0.11,1.7,0.048,1.6,0.027999999999999997,1.4,1.0,0.6,41.6
0.6,0.4,1.8,0.23,4.0,0.24,4.5,0.18,1.9,0.3,1.2,0.19806452160099575,2.5,0.29,0.005,0.6,0.132,1.6,0.098,1.2,2.5,0.6,9.4
0.8,0.4,3.8,0.15,1.3,0.21,3.8,0.12,4.0,0.25,1.3,0.15,1.4,0.24,0.027999999999999997,1.7,0.156,1.8,0.087,0.8,1.2,2.5,41.3
0.7,0.4,2.6,0.17,1.3,0.14,3.4,0.15,3.7,0.15,4.3,0.21,1.0,0.15,0.146,1.5,0.142,1.2,0.013000000000000001,1.9,1.0,1.8,31.1
0.8,0.2,3.4,0.23,1.5,0.20295144820330444,3.0,0.18,2.4,0.27,3.1,0.26,1.2,0.23,0.086,1.1,0.161,0.9,0.009000000000000001,0.6,0.4,2.4,20.9
0.7,0.4,2.9,0.12,1.1,0.28,1.5,0.14,4.6,0.18,3.9,0.22,1.3,0.25,0.129,1.5,0.10800000000000001,1.2,0.048,0.9,0.2,1.9,43.1
0.6,0.2,3.0,0.23,1.3,0.19,4.6,0.13,2.5,0.27,2.3,0.12,4.0,0.25,0.01,1.0,0.052000000000000005,0.7,0.027000000000000003,1.0,0.2,0.9,43.2
0.6,0.3,3.6,0.14,3.2,0.17,1.1,0.29,1.9,0.28,3.1,0.26,1.8,0.25,0.191,1.4,0.067,1.1987623994856376,0.001,0.6,1.3,1.7,33.9
0.7,0.4,4.9,0.19,3.6,0.27,1.9,0.1,4.9,0.27,3.9,0.3,3.4,0.26,0.012,1.4,0.002,1.0,0.055,0.6,0.7,2.8,25.3
0.6,0.3,4.6,0.2,2.4,0.24,3.2,0.11,3.5,0.27,3.1,0.16,3.8,0.17,0.06,1.8,0.18600000000000003,1.8,0.062,1.4,2.9,1.3,32.6
0.8,0.3,1.3,0.2004915653714218,4.7,0.16,4.1,0.12,3.1,0.28,4.4,0.2,3.2,0.24,0.18,1.4,0.105,1.4,0.061,1.3,2.8,2.9,33.0
0.8,0.4,4.5,0.11,3.9,0.11,2.9,0.26,4.0,0.26,4.0,0.17,4.1,0.21,0.175,0.8,0.017,1.1,0.067,1.5,0.3,2.4,44.7
0.6,0.3,2.8,0.27,4.5,0.12,3.1,0.22,2.3,0.15,2.7,0.2,4.0,0.23,0.174,1.4,0.191,0.8,0.09,1.2,2.0,1.8,30.1
0.6,0.5,1.6,0.12,3.4,0.19,4.9,0.27,4.8,0.17,1.7,0.21,5.0,0.1,0.098,1.2,0.17300000000000001,0.7,0.08199999999999999,1.3,2.0,0.9,41.1
0.7,0.2,1.6,0.23,4.5,0.19,3.0,0.27,5.0,0.2,2.4,0.27,4.7,0.13,0.044000000000000004,1.4,0.064,0.6,0.085,1.3,0.6,0.3,39.3
0.8,0.5,2.8,0.20006247651629647,3.4,0.11,4.4,0.25,4.9,0.13,3.7,0.2021743399450477,2.6,0.26,0.1,1.0,0.122,0.7,0.019,0.6,0.9,2.3,27.4
0.9,0.4,2.4,0.16,1.5,0.22,1.4,0.21,4.6,0.25,3.5,0.11,3.0,0.13,0.047,0.9,0.062,0.8,0.017,2.0,2.5,1.5,16.6
0.7,0.4,3.0,0.28,1.0,0.14,1.2,0.3,3.2,0.15,4.9,0.24,3.0,0.18,0.128,1.7,0.18100000000000002,1.5,0.012,0.7,1.6,0.2,29.0
0.8,0.2,4.3,0.26,2.7,0.11,4.2,0.18,4.9,0.11,3.7,0.12,3.6,0.28,0.038,1.0,0.064,0.6,0.098,1.8,0.4,2.1,42.8
0.8,0.4,3.3,0.27,2.5,0.28,1.2,0.27,2.3,0.18,2.8,0.1,2.7,0.13,0.138,1.6,0.018000000000000002,1.1,0.071,1.5,1.5700883146063764,1.9,27.3
0.7,0.4,4.2,0.20027176809406716,4.5,0.13,2.9295802906568595,0.29,1.8,0.11,2.8,0.13,2.2,0.26,0.146,0.7,0.11199999999999999,0.8,0.08,0.5,2.1,1.5,35.1
0.8,0.3,3.2,0.12,2.5,0.27,4.1,0.26,3.9,0.27,2.3,0.25,1.0,0.21,0.10288540233374081,0.6,0.032,1.5,0.049,1.4,0.4,0.1,26.4
0.9,0.5,2.9,0.19,2.3,0.23,1.2,0.29,4.3,0.25,1.5,0.3,4.7,0.28,0.136,1.3,0.039,1.4,0.09300000000000001,1.7,2.6,0.2,28.1
0.5,0.4,4.7,0.11,4.7,0.13,4.1,0.13,2.6,0.27,1.7,0.18,1.2,0.13,0.14400000000000002,1.9,0.035,0.8,0.042,1.0,0.4,0.1,16.5
0.8,0.3,4.1,0.26,1.8,0.23,2.2,0.24,2.2,0.12,2.5,0.12,4.9,0.18,0.128,1.7,0.05,0.7,0.032,1.7,0.7,1.8,31.1
0.7,0.2,4.7,0.29,4.7,0.19716633500014238,3.0,0.2075233444933647,2.6,0.12,4.3,0.22,4.0,0.1,0.009000000000000001,0.7,0.182,0.7,0.071,2.0,1.0,2.7,21.3
0.6,0.2,4.3,0.16,4.7,0.27,4.8,0.15,3.8,0.16,4.9,0.15,3.9,0.12,0.025,0.8,0.198,1.9,0.077,0.5,2.1,1.5809596368770047,13.1
0.6,0.3,1.3,0.29,4.7,0.12,1.9,0.13,1.4,0.18,2.937404023191548,0.16,4.6,0.2,0.028999999999999998,1.2706194435255334,0.081,1.2,0.042,1.1,2.3,1.1,15.2
0.8,0.4,2.9,0.16,1.1,0.14,1.6,0.24,4.2,0.28,2.8,0.24,2.7,0.28,0.005,0.7,0.16399999999999998,0.7,0.092,0.6,0.2,1.2,42.1
0.5,0.3,3.2,0.12,4.1,0.2,4.0,0.22,1.6,0.27,3.5,0.21,4.2,0.16,0.046,1.0,0.127,1.2,0.073,1.6,0.9,0.1,37.1
0.8,0.4,4.9,0.3,1.7,0.23,4.7,0.24,1.9,0.18,2.0,0.13,1.7,0.24,0.032,1.3,0.011000000000000001,1.5,0.008,0.8,2.6,1.5,33.5
0.5,0.3,1.4,0.29,2.6,0.20476677402149718,1.5,0.3,3.8,0.29,2.5,0.21,1.9,0.25,0.113,1.1,0.146,1.0,0.026000000000000002,1.0,1.2,2.3,29.6
0.8,0.3,3.4,0.25,1.0,0.28,2.1,0.27,4.6,0.18,1.6,0.29,3.8,0.28,0.08900000000000001,1.5,0.128,1.5,0.069,1.1,1.5,0.5,41.9
0.8,0.3,3.4,0.14,2.2,0.24,4.1,0.2,2.6,0.22,2.2,0.13,2.987861793735644,0.16,0.071,1.4,0.166,0.6,0.054000000000000006,1.0,2.2,0.2,43.7
0.5,0.3,5.0,0.14,2.8,0.15,3.4,0.28,2.5,0.25,2.2,0.23,2.1,0.25,0.09699999999999999,1.0,0.017,0.9,0.025,1.6,0.9,1.0,37.3
0.8,0.4,3.2,0.12,2.1,0.12,2.9317989855497206,0.21,3.2,0.14,5.0,0.28,1.0,0.19606422174615973,0.062,0.8,0.171,1.6,0.02,1.4,2.2,1.9,12.4
0.6,0.4,2.5,0.19,4.2,0.18,2.7,0.13,1.3,0.23,3.3,0.21,3.3,0.13,0.129,1.8,0.109,0.8,0.016,1.0,0.5,1.4,30.6
0.6,0.3,1.6,0.21,2.2,0.16,1.8,0.22,3.4,0.12,4.3,0.13,4.3,0.28,0.022000000000000002,1.7,0.034,1.9,0.051,0.8,1.4,2.5,27.9
0.7,0.3,3.0,0.22,4.6,0.25,3.2,0.14,3.6,0.2,1.3,0.17,2.4,0.12,0.113,0.7,0.079,0.8,0.006999999999999999,0.6,1.5,2.9,33.2
0.9,0.2,3.2,0.29,4.2,0.24,2.6,0.18,4.1,0.3,4.2,0.3,3.4,0.17,0.198,0.7,0.09699999999999999,1.7,0.055,1.5,0.9,2.2,27.0
0.6,0.4,4.9,0.21,4.3,0.22,1.7,0.21,1.4,0.22,1.0,0.19,3.0,0.27,0.023,1.7,0.105,0.9,0.018000000000000002,0.7,1.7,2.1,35.9
0.6,0.4,4.0,0.2,1.6,0.11,3.9,0.26,2.1,0.14,4.3,0.12,2.1,0.26,0.10300000000000001,1.8,0.158,1.6,0.01,0.6,0.8,1.1,26.6
0.7,0.3,1.9,0.25,4.4,0.26,1.5,0.21,2.6,0.29,1.3,0.26,1.1,0.27,0.177,1.4,0.10341335448993572,1.1,0.06,0.9,2.6,2.9,26.8
0.7,0.3,4.5,0.25,1.5,0.14,2.8,0.25,4.6,0.29,2.6,0.21,4.2,0.3,0.076,1.5,0.046,0.8,0.016,1.2,1.3,1.5,35.5
0.6,0.4,3.4,0.17,4.8,0.2,1.5,0.14,4.4,0.23,2.5,0.23,4.7,0.13,0.071,1.4,0.172,0.7,0.026000000000000002,1.7,0.7,2.0,38.9
0.9,0.5,1.3,0.22,3.8,0.29,2.3,0.23,3.4,0.13,4.0,0.22,3.2,0.16,0.016,1.8,0.028999999999999998,1.0,0.033,1.1,0.6,1.7,15.1
0.7,0.3,3.0291145403977295,0.15,1.3,0.24,3.2,0.25,3.7,0.13,2.5,0.12,2.9,0.2,0.08800000000000001,0.5,0.10226702598074826,0.7,0.059000000000000004,1.1,1.6,2.1,21.1
0.7,0.3,3.0155318191837392,0.16,1.7,0.28,3.0,0.14,1.8,0.26,2.6,0.16,1.1,0.25,0.071,0.7,0.036000000000000004,1.4,0.091,0.6,1.0,1.4,27.5
0.7,0.4,3.1,0.28,5.0,0.26,1.8,0.18,4.6,0.23,3.6,0.27,2.0,0.23,0.07400000000000001,1.2724369530684108,0.06,1.8,0.08800000000000001,1.7,0.4,1.3,40.4
0.8,0.3,3.7,0.26,1.6,0.13,4.2,0.23,1.9,0.27,2.6,0.27,3.6,0.3,0.061,1.0,0.03,1.8,0.099,0.9,3.0,1.0,28.6
0.8,0.4,2.8,0.23,4.6,0.11,2.9261500551130903,0.24,4.0,0.21,2.5,0.25,4.7,0.24,0.035,0.7,0.142,0.9,0.076,0.6,1.6,1.7,22.9
0.6,0.3,2.8,0.24,1.0,0.25,2.5,0.2,1.5,0.16,3.9,0.16,2.0,0.16,0.18,0.6,0.16699999999999998,1.9,0.026000000000000002,0.6,2.1,0.2,32.2
0.8,0.2,1.7,0.12,4.4,0.25,3.2,0.2,3.7,0.23,1.8,0.19,2.5,0.22,0.177,1.8,0.022000000000000002,1.6,0.039,1.3,1.5,1.2,34.0
0.7,0.3,3.6,0.27,4.8,0.18,3.3,0.17,2.7,0.26,2.6,0.17,3.9,0.27,0.111,1.7,0.084,1.1997095120320735,0.027000000000000003,0.6,1.1,2.9,39.1
0.6,0.5,1.4,0.18,4.5,0.28,3.2,0.28,2.1,0.25,4.5,0.25,1.5,0.1,0.016,1.6,0.17,0.6,0.008,1.2,2.1,1.7,5.3
0.8,0.5,4.5,0.21,3.3,0.16,2.7,0.16,4.2,0.17,2.3,0.26,3.3,0.17,0.138,1.0,0.031,1.2,0.06,1.0,2.0,2.3,42.0
0.9,0.5,3.3,0.22,2.0,0.18,1.4,0.14,3.8,0.27,4.0,0.29,4.7,0.14,0.063,1.3,0.149,1.9,0.078,1.7,1.2,2.4,32.4
0.7,0.5,1.1,0.20232686506098027,2.0,0.28,3.2,0.25,3.0,0.17,1.4,0.22,3.6,0.19,0.106,1.1,0.198,1.0,0.049,1.1,1.4,2.9,35.4
0.7,0.4,3.5,0.28,4.6,0.25,2.4,0.17,4.8,0.17,1.2,0.11,3.0,0.3,0.11900000000000001,1.9,0.115,1.1,0.03,1.2,2.7,0.4,32.9
0.7,0.3,3.4,0.17,3.4,0.27,4.1,0.3,3.3,0.16,3.5,0.18,2.1,0.19,0.006999999999999999,1.1,0.046,1.5,0.07200000000000001,1.7,2.9,2.8,6.4
0.7,0.3,4.2,0.1,4.8,0.2,1.1,0.24,3.5,0.21,2.8,0.15,3.3,0.22,0.132,1.4,0.19,1.3,0.063,1.7,0.6,1.4,42.3
0.8,0.2,3.1,0.25,3.8,0.19,2.8,0.19,3.6,0.3,3.0,0.25,1.8,0.24,0.146,0.9,0.095,1.4,0.1,1.4,2.4,0.8,30.1
0.8,0.5,4.8,0.18,2.5,0.21,3.8,0.11,4.4,0.24,3.8,0.17,2.3,0.2,0.027999999999999997,1.1,0.12300000000000001,1.9,0.06,1.7,2.3,1.0,25.1
0.5,0.4,3.6,0.25,1.2,0.24,1.9,0.12,3.4,0.2,1.7,0.29,2.2,0.3,0.044000000000000004,1.8,0.079,1.6,0.055999999999999994,1.0,1.4,2.1,35.2
0.7,0.3,3.2,0.21,3.4,0.20341580438440293,4.8,0.17,3.7,0.16,4.5,0.17,1.2,0.13,0.046,0.6,0.111,1.0,0.039,1.8,3.0,0.7,11.2
0.8,0.3,2.2,0.12,4.1,0.29,3.3,0.23,1.3,0.24,3.7,0.29,2.4,0.26,0.185,1.5,0.184,0.6,0.02,0.6,1.2,2.6,30.5
0.9,0.2,3.1,0.13,2.4,0.14,4.5,0.12,5.0,0.19,3.5,0.23,1.7,0.19,0.016,0.9,0.135,1.2,0.038,1.1,2.6,0.4,2.2
0.6,0.3,2.5,0.25,4.1,0.1,2.3,0.11,1.8,0.2,4.8,0.23,3.7,0.3,0.019,1.8,0.10453263644067634,0.8,0.021,1.8,2.3,0.8,22.2
0.7,0.4,4.8,0.16,2.9,0.24,3.5,0.3,3.4,0.27,3.7,0.29,2.1,0.28,0.175,0.7,0.166,1.9,0.069,1.2,2.1,1.9,26.8
0.8,0.5,5.0,0.26,1.6,0.3,4.9,0.16,1.4,0.16,2.994874206041757,0.13,4.2,0.1,0.028999999999999998,1.2,0.027999999999999997,1.5,0.076,1.5,0.5,2.5,15.7
0.6,0.3,3.8,0.17,3.2,0.1,1.9,0.29,3.4,0.24,4.5,0.29,2.8,0.14,0.154,0.7,0.133,1.8,0.068,1.5,1.5702888193381321,1.8,39.6
0.5,0.4,1.7,0.24,2.8,0.29,4.3,0.28,1.2,0.23,2.8,0.24,4.5,0.22,0.157,0.6,0.08800000000000001,1.6,0.055999999999999994,0.8,0.4,2.4,38.6
0.5,0.3,3.1,0.27,2.5,0.14,3.6,0.29,2.3,0.25,1.3,0.12,1.5,0.21,0.111,0.7,0.091,1.4,0.024,1.2,1.2,0.7,34.2
0.6,0.3,4.5,0.17,3.3,0.12,3.5,0.17,4.2,0.13,4.2,0.27,3.0,0.24,0.182,1.2,0.158,1.2,0.044000000000000004,1.2603759919133661,2.0,2.0,33.8
0.8,0.4,3.5,0.23,3.9,0.14,4.7,0.27,1.1,0.13,4.4,0.16,4.2,0.25,0.18600000000000003,1.9,0.129,1.5,0.09699999999999999,0.9,1.1,1.5811190711502394,25.3
0.9,0.3,2.2,0.28,1.3,0.24,2.4,0.11,3.4,0.19,4.4,0.24,2.9,0.18,0.135,1.4,0.09,0.7,0.061,1.8,2.8,2.2,24.7
0.6,0.3,4.7,0.16,3.5,0.11,2.5,0.29,3.2,0.24,4.8,0.16,1.7,0.26,0.057999999999999996,1.9,0.016,1.1,0.087,1.4,0.2,1.9,39.6
0.7,0.4,2.3,0.28,2.7,0.18,4.4,0.14,3.9,0.29,1.7,0.28,4.7,0.1,0.18600000000000003,1.4,0.004,1.2,0.003,1.1,0.1,1.7,43.0
0.8,0.5,1.4,0.2,3.7,0.29,4.9,0.12,3.2,0.27,3.0,0.17,2.4,0.26,0.135,0.9,0.094,1.2,0.01,1.8,2.1,2.5,35.5
0.7,0.4,4.1,0.14,4.3,0.2,2.5,0.29,4.1,0.3,4.4,0.11,4.0,0.19,0.163,1.5,0.05,1.6,0.08900000000000001,0.9,2.9,0.4,31.0
0.7,0.4,2.3,0.26,3.0,0.14,3.6,0.21,2.0,0.2,2.4,0.27,1.8,0.14,0.158,1.7,0.053,0.5,0.078,2.0,0.8,1.6,37.7
0.6,0.4,2.2,0.18,2.5,0.14,2.7,0.15,1.6,0.14,2.9,0.26,1.0,0.18,0.149,1.9,0.091,0.5,0.077,0.8,2.7,2.8,31.3
0.5,0.3,1.8,0.28,1.7,0.19,1.7,0.16,3.3,0.28,4.1,0.15,3.5,0.2,0.016,1.6,0.096,1.8,0.024,2.0,1.5,2.7,29.6
0.7,0.4,2.8,0.25,3.0,0.23,2.3,0.2073506165250758,3.2,0.19,4.5,0.14,1.7,0.22,0.09699999999999999,0.9,0.10308911118574812,1.1,0.019,1.0,2.3,0.9,22.5
0.6,0.3,1.5,0.25,2.2,0.16,3.2,0.17,2.9,0.15,4.1,0.15,1.8,0.18,0.14400000000000002,0.8,0.077,0.6,0.016,1.6,2.9,0.3,23.4
0.9,0.3,4.7,0.22,3.5,0.25,3.6,0.13,3.6,0.16,3.6,0.23,1.5,0.18,0.069,1.7,0.16,1.3,0.003,1.5,2.9,1.7,16.3
0.7,0.2,3.4,0.17,1.2,0.12,3.6,0.25,3.3,0.22,1.2,0.29,1.0,0.23,0.19399999999999998,1.2,0.032,0.6,0.075,0.7,0.8,2.5,39.2
0.7,0.5,4.8,0.24,2.3,0.24,4.2,0.27,4.4,0.14,2.8,0.11,4.6,0.13,0.019,0.8,0.14300000000000002,1.1,0.092,1.0,0.5,2.0,42.8
0.8,0.2,2.4,0.15,2.2,0.13,3.3,0.17,3.4,0.13,1.0,0.14,1.3,0.23,0.147,1.0,0.033,0.8,0.05,1.6,1.0,0.3,37.0
0.9,0.3,1.1,0.14,2.6,0.27,1.2,0.17,1.1,0.17,1.9,0.15,1.2,0.28,0.128,1.1,0.040999999999999995,1.5,0.059000000000000004,1.2,1.5725099355855257,2.6,11.7
0.8,0.3,1.8,0.3,2.9465028810775973,0.27,3.1,0.24,1.6,0.2,2.2,0.12,1.1,0.22,0.13699999999999998,0.7,0.003,1.9,0.049648048793548484,1.1,0.8,2.7,31.9
0.8,0.4,3.7,0.22,4.0,0.25,1.8,0.18,4.4,0.19,3.7,0.25,2.0,0.13,0.125,1.6,0.016,1.4,0.08,1.5,0.7,2.1,29.7
0.9,0.4,4.4,0.23,2.4,0.11,2.9299504409141055,0.21,3.4,0.29,3.9,0.21,4.6,0.15,0.098,1.2,0.054000000000000006,1.2,0.057999999999999996,2.0,2.4,1.2,34.2
0.8,0.4,1.9,0.22,4.7,0.27,1.5,0.18,1.2,0.29,1.1,0.11,3.2,0.29,0.142,0.8,0.11699999999999999,1.3,0.098,1.8,1.1,0.3,38.3
0.9,0.5,1.8,0.29,1.7,0.23,3.6,0.2,1.8,0.19,1.1,0.29,3.4,0.16,0.038,1.2,0.086,0.7,0.096,1.4,2.5,2.1,34.1
0.8,0.4,3.7,0.13,1.0,0.23,4.8,0.26,3.8,0.19,2.4,0.27,2.7,0.22,0.134,1.8,0.10327726444241045,0.6,0.031,1.6,2.0,3.0,45.0
0.7,0.2,4.0,0.28,1.0,0.28,2.3,0.15,2.4,0.15,1.8,0.3,1.3,0.13,0.005,0.5,0.10099999999999999,1.7,0.08199999999999999,1.4,1.7,0.4,33.6
0.7,0.4,3.6,0.26,2.9,0.18,2.6,0.12,2.7,0.29,2.5,0.22,3.3,0.27,0.006999999999999999,1.1,0.10395156966018797,1.3,0.071,1.2540861898731597,2.7,1.4,20.3
0.8,0.4,3.9,0.11,1.6,0.12,4.1,0.16,2.5,0.3,1.5,0.15,5.0,0.28,0.165,1.1,0.03,0.5,0.066,1.2440572711214601,1.3,2.8,35.5
0.8,0.4,1.4,0.16,1.4,0.28,2.7,0.24,2.3,0.1,3.7,0.28,3.5,0.15,0.032,0.9,0.183,0.8,0.068,1.2,2.2,2.8,14.5
0.7,0.4,3.6,0.27,3.2,0.27,2.4,0.11,3.1,0.17,1.8,0.26,2.0,0.26,0.073,2.0,0.11599999999999999,1.5,0.085,0.7,0.9,0.6,34.6
0.6,0.5,2.8,0.29,2.1,0.22,2.6,0.18,4.8,0.24,2.4,0.14,3.7,0.11,0.023,1.7,0.163,1.7,0.016,0.9,2.9,0.7,29.8
0.6,0.5,4.4,0.25,2.959634956876092,0.23,1.4,0.23,3.8,0.24,3.9,0.23,1.9,0.16,0.179,1.8,0.064,0.8,0.03,0.6,2.6,0.1,39.8
0.6,0.3,2.3,0.2,2.0,0.22,2.2,0.3,5.0,0.25,4.0,0.19,4.4,0.13,0.086,2.0,0.17800000000000002,1.9,0.044000000000000004,0.9,2.9,1.3,42.4
0.8,0.4,3.4,0.25,1.0,0.28,1.1,0.23,4.8,0.25,2.4,0.2,2.1,0.25,0.096,1.9,0.08,0.7,0.008,1.1,2.8,2.6,26.0
0.8,0.4,2.3,0.29,1.3,0.12,4.7,0.25,4.4,0.2,2.5,0.24,4.4,0.23,0.087,1.5,0.11900000000000001,1.5,0.035,0.6,0.5,0.7,39.1
0.6,0.3,1.1,0.22,2.9,0.13,3.5,0.27,3.9,0.14,3.7,0.14,3.9,0.11,0.1,0.7,0.155,1.7,0.08800000000000001,1.6,1.7,1.3,31.0
0.7,0.2,4.4,0.24,4.2,0.29,2.928082135561111,0.22,4.4,0.3,4.5,0.26,4.9,0.22,0.055999999999999994,1.4,0.09699999999999999,0.9,0.005,0.6,1.3,2.5,34.9
0.6,0.5,3.2,0.2,4.0,0.25,3.8,0.16,3.9,0.25,3.9,0.24,4.8,0.13,0.15,1.9,0.132,1.3,0.005,1.9,1.3,1.8,42.7
0.8,0.3,3.0,0.21,3.4,0.15,4.6,0.2,1.6,0.24,4.4,0.21,1.8,0.26,0.149,1.3,0.061,0.7,0.055,1.7,0.2,2.9,36.4
0.6,0.3,3.1,0.1,2.6,0.17,3.9,0.11,1.6,0.11,1.2,0.29,2.8,0.12,0.021,1.7,0.179,0.8,0.013000000000000001,2.0,1.0,1.5,40.0
0.8,0.4,4.6,0.2,3.2,0.27,1.5,0.2,3.5,0.1,4.6,0.20186869932460316,4.9,0.15,0.019,1.5,0.126,0.9,0.076,2.0,2.9,1.8,20.3
0.7,0.4,3.1,0.21,2.7,0.29,3.6,0.13,3.8,0.25,1.3,0.18,4.1,0.21,0.057999999999999996,1.9,0.084,1.5,0.046,1.5,0.4,2.0,46.0
0.6,0.3,3.0306006118260256,0.19956105194250484,4.0,0.18,3.7,0.19,4.4,0.16,3.1,0.1,1.6,0.28,0.152,0.7,0.08199999999999999,1.5,0.037000000000000005,0.8,2.2,1.7,30.1
0.6,0.2,2.2,0.19,2.6,0.1,2.2,0.21,4.8,0.25,2.9,0.1,1.7,0.27,0.19899999999999998,1.1,0.174,1.1,0.091,1.3,0.4,2.4,30.8
0.8,0.3,4.6,0.12,2.1,0.17,2.4,0.25,1.8,0.29,1.2,0.29,3.4,0.21,0.10800000000000001,0.9,0.043,0.6,0.081,1.5,0.3,1.9,37.8
0.8,0.3,4.8,0.24,3.7,0.26,1.2,0.26,3.4,0.29,4.7,0.23,4.1,0.21,0.076,1.0,0.073,1.7,0.069,0.6,1.0,1.5,31.1
0.5,0.3,1.0,0.16,2.7,0.27,3.1,0.29,4.7,0.2,3.3,0.24,1.0,0.1,0.139,0.8,0.031,1.1,0.057999999999999996,1.7,2.2,1.4,33.2
0.6,0.3,3.3,0.17,2.7,0.17,3.4,0.27,4.2,0.2,3.4,0.23,1.8,0.21,0.095,0.7,0.038,0.6,0.05,0.5,0.5,1.9,32.1
0.8,0.2,2.3,0.14,3.9,0.17,1.4,0.2,2.6,0.23,2.7,0.14,3.2,0.14,0.076,0.8,0.067,1.2,0.062,2.0,0.8,1.5771211145919772,23.9
0.9,0.3,4.0,0.16,2.7,0.17,3.6,0.19,5.0,0.22,3.2,0.11,3.8,0.25,0.17,1.1,0.069,1.1,0.095,1.255749518609908,1.2,2.1,17.2
0.7,0.3,3.6,0.16,2.6,0.29,2.2,0.25,4.9,0.28,2.8,0.24,3.3,0.2,0.126,0.8,0.021,1.3,0.016,2.0,2.8,0.5,38.9
0.8,0.2,4.6,0.1,1.5,0.1,1.5,0.22,3.2,0.18,3.4,0.2,4.1,0.15,0.159,1.6,0.141,1.6,0.081,0.7,1.5,2.5,45.1
0.6,0.5,3.6,0.14,4.2,0.16,1.1,0.18,2.0,0.27,1.6,0.21,1.3,0.16,0.174,0.6,0.062,1.5,0.001,0.9,0.4,0.5,41.0
0.8,0.4,3.0,0.28,3.2,0.14,1.6,0.17,1.9,0.15,2.5,0.28,1.1,0.21,0.126,1.9,0.18,0.7,0.077,1.1,2.3,2.2,37.5
0.6,0.5,3.3,0.13,3.0,0.23,1.5,0.28,3.0754011548227607,0.29,3.1,0.24,1.8,0.18,0.192,1.4,0.16399999999999998,1.3,0.009000000000000001,0.9,3.0,2.3,35.4
0.8,0.4,4.1,0.12,1.8,0.16,1.1,0.14,2.4,0.1,1.7,0.24,2.0,0.3,0.022000000000000002,0.7,0.03,0.6,0.075,1.2,1.3,3.0,33.5
0.9,0.4,4.3,0.16,4.5,0.3,1.9,0.13,5.0,0.2,2.7,0.14,4.0,0.14,0.079,1.4,0.157,1.5,0.02,1.5,1.9,2.7,22.9
0.7,0.3,2.9,0.19,1.4,0.26,3.0,0.18,4.8,0.29,3.3,0.16,3.3,0.13,0.02,0.8,0.099,1.6,0.052000000000000005,0.8,0.5,1.2,37.7
0.7,0.3,4.8,0.21,2.4,0.12,2.5,0.24,3.9,0.26,3.4,0.3,3.6,0.14,0.091,1.4,0.038,0.6,0.045,1.6,0.7,2.8,35.0
0.7,0.4,4.8,0.15,4.3,0.24,4.3,0.29,4.7,0.11,2.4,0.17,2.2,0.15,0.061,1.3,0.016,0.8,0.038,0.8,2.7,0.8,30.7
0.9,0.4,2.8,0.18,1.9,0.13,1.7,0.23,2.6,0.17,1.7,0.11,4.4,0.14,0.024,0.9,0.07400000000000001,1.2,0.034,1.2528268754024798,2.2,3.0,21.1
0.8,0.5,3.0,0.20108753303265595,2.9403988057093478,0.28,2.0,0.26,3.4,0.25,2.2,0.27,1.7,0.14,0.013999999999999999,1.5,0.102,0.7,0.07,1.4,3.0,1.5752797282829825,7.0
0.6,0.5,3.2,0.15,1.8,0.2,2.8,0.18,2.4,0.26,1.0,0.16,4.8,0.3,0.14,1.7,0.08800000000000001,0.8,0.018000000000000002,0.8,0.8,0.2,45.7
0.9,0.3,2.2,0.11,3.7,0.25,3.9,0.18,2.4,0.28,4.5,0.17,1.1,0.11,0.127,0.6,0.068,1.3,0.002,1.6,1.7,2.6,14.8
